title,company,location,link
Software Engineer,Apple,"Seattle, WA",https://stackoverflow.com/jobs/391932
Software Engineer - Build the next generation of AI platform,Signal AI,"London, UK",https://stackoverflow.com/jobs/246027
Software Engineer for Next Gen. Distributed Web Apps,smapiot,"München, Germany",https://stackoverflow.com/jobs/272468
Senior Backend Node.JS Engineer to build the next generation architecture,Beamery,"London, UK",https://stackoverflow.com/jobs/347023
Senior Android Developer,Version Next,"Mumbai, India",https://stackoverflow.com/jobs/352404
"Field Application Engineer India (Embedded, PC & Android)",NEXT Biometrics,"Bengaluru, India",https://stackoverflow.com/jobs/328091
Software Developer,IDS Next,"Bengaluru, India",https://stackoverflow.com/jobs/328430
Web designer,Version Next,"Mumbai, India",https://stackoverflow.com/jobs/333675
CONTRACT Front End Developer -  build our next gen Angular apps (£350-£650pd),IP Centrum,"Solihull, UK",https://stackoverflow.com/jobs/275444
Senior PHP Developer,Version Next,"Mumbai, India",https://stackoverflow.com/jobs/333659
.net with web services (Contractual),IDS Next,"Bengaluru, India",https://stackoverflow.com/jobs/324117
Full Stack Mobile Developer,Next Ventures Limited,"Bengaluru, India",https://stackoverflow.com/jobs/392220
Associate Software Trainer,Next Sphere Technologies,"Chennai, India",https://stackoverflow.com/jobs/322597
エンジニア(オープンポジション)湘南地域密着,NEXT株式会社,"Fujisawa, Japan",https://stackoverflow.com/jobs/360511
プログラマー,NEXT株式会社,"Osaka, Japan",https://stackoverflow.com/jobs/378786
SE(システムエンジニア),NEXT株式会社,"Osaka, Japan",https://stackoverflow.com/jobs/382309
Senior PHP Developer,Version Next Technologies Pvt Ltd,"Mumbai, India",https://stackoverflow.com/jobs/373991
WEBエンジニア (PHP+RDB),株式会社 NEXT FORCE,"Fukuoka, Japan",https://stackoverflow.com/jobs/310729
SE(システムエンジニア),NEXT株式会社　西東京支社,"Yokohama, Japan",https://stackoverflow.com/jobs/319257
仮想化サーバエンジニア(VMware),NEXT株式会社　湘南オフィス,"Fujisawa, Japan",https://stackoverflow.com/jobs/389686
SE(システムエンジニア),NEXT株式会社　神奈川支社,"Yokohama, Japan",https://stackoverflow.com/jobs/309357
【残り1~2名採用】ソフトウェア開発エンジニア(自社開発立ち上げ),NEXT株式会社　湘南オフィス,"Fujisawa, Japan",https://stackoverflow.com/jobs/386276
Senior Backend Software Engineer (Javascript/Node.js) (m/f/d),Limehome GmbH,"München, Germany",https://stackoverflow.com/jobs/330135
Senior Software Engineer,Loggi,"Lisbon, Portugal",https://stackoverflow.com/jobs/334597
Software Developer,RISK ADVISORS,"Mumbai, India",https://stackoverflow.com/jobs/325825
Senior SW Engineer- Video Computer Vision,Apple,"Cupertino, CA",https://stackoverflow.com/jobs/392576
"Senior Software Engineer, Infrastructure",Virta Health,"San Francisco, CA",https://stackoverflow.com/jobs/285236
Sr Node Javascript Developer at Ecommerce Startup,Whitebox,"Baltimore, MD",https://stackoverflow.com/jobs/236851
"Software Engineer, Product (Full Stack)",Facebook,Singapore,https://stackoverflow.com/jobs/353953
"Frontend Software Engineer, Angular (Guest Experience) (m/f/d)",Limehome GmbH,"München, Germany",https://stackoverflow.com/jobs/363545
Experienced Vuejs UX/UI frontend developer,metoda GmbH,"München, Germany",https://stackoverflow.com/jobs/272969
Software Research Engineer,GitStart,"Shenzhen, China",https://stackoverflow.com/jobs/372157
Backend Engineer,Mox Bank,Hong Kong,https://stackoverflow.com/jobs/391165
"AI/ML - Software Engineer, Siri Platform",Apple,"Cupertino, CA",https://stackoverflow.com/jobs/393082
"Software Engineer, Product (Full Stack)",Facebook,"Menlo Park, CA",https://stackoverflow.com/jobs/353945
Frontend Developer to Halebop,Telia Company,"Solna, Sweden",https://stackoverflow.com/jobs/380059
"Software Engineer - Node.js, Docker, AWS, JS","One Finance, Inc.","Sacramento, CA",https://stackoverflow.com/jobs/280688
Senior Software Engineer (DevSecOps) - 100% remote (UK/EU only),Form3 - Financial Cloud,"London, UK",https://stackoverflow.com/jobs/373270
Software Research Engineer,GitStart,Hong Kong,https://stackoverflow.com/jobs/364755
Full Stack PHP Web Developer,Outreach Inc,"Colorado Springs, CO",https://stackoverflow.com/jobs/364886
"Senior Software Engineer- JavaScript, Angular, Vue.js",FactSet,"London, UK",https://stackoverflow.com/jobs/360118
Full-time Senior Back-end Developer for AR Cloud,"Pretia Technologies, Inc.","Shibuya City, Japan",https://stackoverflow.com/jobs/391667
Backend & Frontend Software Engineers,Sinch,"Malmö, Sweden",https://stackoverflow.com/jobs/331253
Software Developer - Fresher (2019),Keywordio,"Pune, India",https://stackoverflow.com/jobs/337797
Full Stack Developer,ABOUT YOU GmbH,"Hamburg, Deutschland",https://stackoverflow.com/jobs/355747
Software Fullstack Engineer University Graduate remote anywhere in GER or onsite,Scalable Capital GmbH,"München, Deutschland",https://stackoverflow.com/jobs/334543
Frontend Developer,ABOUT YOU GmbH,"Hamburg, Deutschland",https://stackoverflow.com/jobs/304349
Senior Python Engineer - New Verticals (f/m/d),Delivery Hero SE,"Berlin, Germany",https://stackoverflow.com/jobs/384343
Senior Image Processing Software Engineer (5+ Years of Experience),E4D Technologies,"Richardson, TX",https://stackoverflow.com/jobs/265408
Microservices Software Engineer,SimpliSafe,"Boston, MA",https://stackoverflow.com/jobs/350959
"Senior Software Engineer, Engineering Productivity",Apple,"Austin, TX",https://stackoverflow.com/jobs/390720
Software Engineer,Axpo,"Madrid, Spain",https://stackoverflow.com/jobs/387879
(Senior) Python Engineer / Architect (m/f/x) for Logistics #StaySafe,"AVANTGARDE - ""Creating Fans""","Berlin, Deutschland",https://stackoverflow.com/jobs/283674
"Senior Software Engineer, Machine Learning (INDIA)",IDaptive,"Hyderabad, India",https://stackoverflow.com/jobs/354624
Senior SW Engineer- Video Computer Vision,Apple,"Cupertino, CA",https://stackoverflow.com/jobs/392576
CVML Engineer- Video Computer Vision,Apple,"Cupertino, CA",https://stackoverflow.com/jobs/367202
Frontend Engineer,Mox Bank,Hong Kong,https://stackoverflow.com/jobs/391161
Senior Software Engineer (Profiling and Analytics System),Centre for Strategic Infocomm Technologies (CSIT),Singapore,https://stackoverflow.com/jobs/391655
Senior Software Engineer,Appian,"Tysons, VA",https://stackoverflow.com/jobs/227493
"UI/Frontend Software Engineer, Apple Pay Payments",Apple,"Cupertino, CA",https://stackoverflow.com/jobs/354907
JavaScript Developer to help us shape the future of deliveries,URBANTZ,"Bruxelles, Belgium",https://stackoverflow.com/jobs/357773
Full-Stack Developer,White Rabbit Express,"Shinagawa City, Japan",https://stackoverflow.com/jobs/344126
"(Senior) Software Engineer, Cloud Protection for Salesforce",F-Secure,"Helsingfors, Finland",https://stackoverflow.com/jobs/392669
Sr. Software Developer for Android,Vidaloop,"La Mesa, CA",https://stackoverflow.com/jobs/370909
Embedded Software Engineer,Apple,"Shanghai, China",https://stackoverflow.com/jobs/385395
"Freelance React Native Developer – Remote, Full-time",Toptal,No office location,https://stackoverflow.com/jobs/354476
Backend Javascript Dev (m/f/d),Boehringer Ingelheim,"Vienna, Austria",https://stackoverflow.com/jobs/354355
"Software Engineer - Node.js, Docker, AWS, JS - Sacramento Office","One Finance, Inc.","San Francisco, CA",https://stackoverflow.com/jobs/377578
Tech Lead at the most scaled-up start-up in Brazil,Loft,"Cerqueira César, Brazil",https://stackoverflow.com/jobs/305786
"Software Developer - XCode, React-Native, Android Studio",Chefman,"Mahwah, NJ",https://stackoverflow.com/jobs/359039
Software Engineer (m/f/d),GEDANKENtanken GmbH,"Köln, Deutschland",https://stackoverflow.com/jobs/348292
Java Web Developer,CARFAX Europe GmbH,"München, Germany",https://stackoverflow.com/jobs/258682
Research Software Engineer -  ML techniques for analysis of Earth system data,Deutsches Zentrum für Luft- und Raumfahrt e.V.,"Weßling, Deutschland",https://stackoverflow.com/jobs/390901
Sr. Software Developer for iOS,Vidaloop,"San Diego, CA",https://stackoverflow.com/jobs/370913
Senior Software Engineer for Climate,"Climate Central, Inc.",No office location,https://stackoverflow.com/jobs/392616
Software Engineer- Embedded Group (912),Gilat Satellite Networks,"Sofia, Bulgaria",https://stackoverflow.com/jobs/390894
Senior Software Engineer for Climate,"Climate Central, Inc.",No office location,https://stackoverflow.com/jobs/392616
Software Engineer,WiseTech Global Ltd.,"Sydney, Australia",https://stackoverflow.com/jobs/297457
Lead Software Engineer - Join our growing team of 30+ developers,Tails.com,"Richmond, UK",https://stackoverflow.com/jobs/391983
Software Developer (Front-end) India Team,Binance,"Bengaluru, India",https://stackoverflow.com/jobs/392225
Software Developer - Web Frontend,Esri,"Redlands, CA",https://stackoverflow.com/jobs/383618
"Senior Software Engineer (Web, Engineering, 3D Graphics, 3D Modelling)",TWI Hellas,"Athens, Greece",https://stackoverflow.com/jobs/390264
"Software Engineer, DevOps",Voice,"Brooklyn, NY",https://stackoverflow.com/jobs/371421
Software Engineer - Full-stack -London,The Orchard,"London, UK",https://stackoverflow.com/jobs/371082
Mobile Application Developer,BIGFIX GADGET CARE LLP,"Chennai, India",https://stackoverflow.com/jobs/392043
(100% Remote) Senior Ruby on Rails Developer at Toptal Core Engineering team,Toptal,No office location,https://stackoverflow.com/jobs/205157
"Senior Software Team Lead - Node.js, Rest, AWS",Chefman,"Mahwah, NJ",https://stackoverflow.com/jobs/316519
Android Mobile Developer (m/f/d) to reach billions of smartphones globally,AppLike Group - Part of Gruner+Jahr,"Hamburg, Germany",https://stackoverflow.com/jobs/384747
"Software Quality Engineer, ARKit",Apple,"Boulder, CO",https://stackoverflow.com/jobs/391368
Software QA Engineer- AppleNews,Apple,"Cupertino, CA",https://stackoverflow.com/jobs/380669
Senior Web Application Engineer,"Autify, Inc.","Tokyo, Japan",https://stackoverflow.com/jobs/374847
Senior Software Engineer - iOS,Realtor.com,"Richmond, BC, Canada",https://stackoverflow.com/jobs/312801
Cloud Infrastructure Spark Software Engineer,Apple,"Cupertino, CA",https://stackoverflow.com/jobs/389834
Software Developer (C# / ASP.NET / JS / MySQL),Nortech Management Ltd,"Eckington, UK",https://stackoverflow.com/jobs/122673
Medior Python Developer (Web backend),Azerion,"Schiphol-Rijk, Netherlands",https://stackoverflow.com/jobs/381282
Software Engineer Who Loves Modernization,O'Reilly Auto Parts,No office location,https://stackoverflow.com/jobs/60726
UI/UX Developer,GridEdge Technologies,"Pune, India",https://stackoverflow.com/jobs/368187
Senior Software Engineer,Loggi,"Jardim Paulista, Brazil",https://stackoverflow.com/jobs/295334
OpenCL Driver Software Engineer,Imagination Technologies,"Kings Langley, UK",https://stackoverflow.com/jobs/357216
Senior Typescript Frontend Engineer - Restaurant (f/m/d),Delivery Hero SE,"Berlin, Germany",https://stackoverflow.com/jobs/390277
Android Engine Developers with knowledge in C++ for game engine,Massive Entertainment - A Ubisoft Studio,"Malmö, Sweden",https://stackoverflow.com/jobs/373853
Join us scale our backend for a better future of housing for everyone,Home HT,"Berlin, Germany",https://stackoverflow.com/jobs/201217
"(Senior) Software Engineer, Cloud Protection for Salesforce",F-Secure,"Helsingfors, Finland",https://stackoverflow.com/jobs/381664
Senior Software Engineer,Realtor.com,"Austin, TX",https://stackoverflow.com/jobs/359260
React Native Developer,Impero IT Services Pvt Ltd,"Ahmedabad, India",https://stackoverflow.com/jobs/392069
Senior Back-end Engineer,"Autify, Inc.","Tokyo, Japan",https://stackoverflow.com/jobs/380861
Senior Embedded Software Engineer,Apple,"Shanghai, China",https://stackoverflow.com/jobs/380087
Senior Software Engineer,Loggi,"Jardim Paulista, Brazil",https://stackoverflow.com/jobs/295334
Senior Backend Developer (Remote),Hypothesis.is,No office location,https://stackoverflow.com/jobs/375432
Computer Vision Scientist / Engineer (CVPR 2020),Apple,"Cupertino, CA",https://stackoverflow.com/jobs/389698
"AI/ML - Machine Learning Engineer, Advanced Development",Apple,"Cupertino, CA",https://stackoverflow.com/jobs/393089
Lead Software Engineer,SquadLocker,"Warwick, RI",https://stackoverflow.com/jobs/371819
Backend Engineer (m/f/d) JavaScript,GEDANKENtanken GmbH,"Köln, Deutschland",https://stackoverflow.com/jobs/348310
Full Stack Engineer (m/f/d) JavaScript,GEDANKENtanken GmbH,"Köln, Deutschland",https://stackoverflow.com/jobs/348303
"Software Engineer II, Systems",Axiom,"Bellevue, WA",https://stackoverflow.com/jobs/350107
Full-Stack Developer,CoStar Group,"Richmond, VA",https://stackoverflow.com/jobs/359614
Techlead / Senior Frontend Developer (m/f/x) Vue.js / React.js #StaySafe,"AVANTGARDE - ""Creating Fans""","Berlin, Deutschland",https://stackoverflow.com/jobs/277002
Mid-Level Node Javascript Developer (Ecommerce Startup),Whitebox,"Baltimore, MD",https://stackoverflow.com/jobs/201049
Backend Engineering Manager,Wildlife,"State of São Paulo, Brazil",https://stackoverflow.com/jobs/304700
Senior Python Software Engineer - Join our growing team of 30+ developers,Tails.com,"Richmond, UK",https://stackoverflow.com/jobs/254448
"Senior Software Engineer, Full Stack",Virta Health,"San Francisco, CA",https://stackoverflow.com/jobs/285234
Senior Front-end Engineer,"Autify, Inc.","Tokyo, Japan",https://stackoverflow.com/jobs/347910
Lead Frontend Engineer,Agrando,"München, Germany",https://stackoverflow.com/jobs/383568
Engineering Manager,Covr,"Beverly Hills, CA",https://stackoverflow.com/jobs/351833
Senior Software Engineer,SG Digital,"Marousi, Greece",https://stackoverflow.com/jobs/278884
Senior Java Backend Engineer - Logistics  (f/m/d),Delivery Hero SE,"Berlin, Germany",https://stackoverflow.com/jobs/390748
Software Engineer for Metrology Sensors (f/m),Safran Vectronix AG,"Heerbrugg, Switzerland",https://stackoverflow.com/jobs/368041
Fresher - Php Developer,Webgrity,"Kolkata, India",https://stackoverflow.com/jobs/386552
"Software Engineer, Database Engineering",Facebook,"Menlo Park, CA",https://stackoverflow.com/jobs/353913
Node.JS backend developer,Jumbo Supermarkets,"Veghel, Netherlands",https://stackoverflow.com/jobs/216903
"Software Engineer, Cloud Services",Apple,"Cupertino, CA",https://stackoverflow.com/jobs/384736
.NET Developer with DirectX and 3D experience for a well funded startup,ELISE GmbH,"Bremen, Deutschland",https://stackoverflow.com/jobs/330759
Frontend developer,Countfire,"London, UK",https://stackoverflow.com/jobs/350835
Senior Site Reliability Engineer - Sacramento Office,"One Finance, Inc.","San Francisco, CA",https://stackoverflow.com/jobs/282723
Senior Software Engineer,SG Digital,"Marousi, Greece",https://stackoverflow.com/jobs/278884
Hiring for Java + Hadoop Developers,Menorah Personnel Management India Private,"Chennai, India",https://stackoverflow.com/jobs/345589
Software Engineer,Apple,"Cupertino, CA",https://stackoverflow.com/jobs/391852
Senior Frontend Developer,Devmen,"Alphen aan den Rijn, Netherlands",https://stackoverflow.com/jobs/274658
Senior Software Engineer (Backend),Covr,"Beverly Hills, CA",https://stackoverflow.com/jobs/307205
Java Developer,UniPartners IT-Services NV,"Vilvoorde, Belgium",https://stackoverflow.com/jobs/303803
Quality Engineer-API Platform (Chicago),"Yum! Brands, Inc.","Chicago, IL",https://stackoverflow.com/jobs/333424
Software Engineer,SG Digital,"Bristol, UK",https://stackoverflow.com/jobs/292185
Software Engineer II,Citizens Bank,"Providence, RI",https://stackoverflow.com/jobs/386833
"Software Engineer, Performance Engineering (Senior/Lead/Principal)",Salesforce,"Boston, MA",https://stackoverflow.com/jobs/364234
Full Stack Software Engineer,Palantir,"New York, NY",https://stackoverflow.com/jobs/387747
Full Stack Software Engineer,Palantir,"Seattle, WA",https://stackoverflow.com/jobs/387750
Full-Stack Software Developer,igolgi,"Barrington, IL",https://stackoverflow.com/jobs/291856
Site Reliability Engineer,Wade & WendyviaWade & Wendy,"New York, NY",https://stackoverflow.com/jobs/390761
Staff Web Developer,SimpliSafe,"Boston, MA",https://stackoverflow.com/jobs/350954
"Software Engineer, Performance Engineering (Senior/Lead/Principal)",Salesforce,"Seattle, WA",https://stackoverflow.com/jobs/364233
Apple Media Products - UI Engineer,Apple,"New York, NY",https://stackoverflow.com/jobs/353143
Apple Media Products - Lead UI Engineer,Apple,"Cupertino, CA",https://stackoverflow.com/jobs/372269
"Work Remote - 3 day weekend in Lisbon! JavaScript, ReactJS and Rails Developers",Laminar,"Lisbon, Portugal",https://stackoverflow.com/jobs/382215
Senior Software Developer (Bills Team),Xero,"Toronto, ON, Canada",https://stackoverflow.com/jobs/281735
"Software Engineer, Performance Engineering (Senior/Lead/Principal)",Salesforce,"Seattle, WA",https://stackoverflow.com/jobs/364233
Core Software Engineer,Optiver,"Amsterdam, Netherlands",https://stackoverflow.com/jobs/121906
Senior Frontend Developer,Devmen,"Alphen aan den Rijn, Netherlands",https://stackoverflow.com/jobs/274658
Software Engineer,FormAssembly Inc.,"Raleigh, NC",https://stackoverflow.com/jobs/389889
Software Engineer | PHP,ABOUT YOU GmbH,"Hamburg, Deutschland",https://stackoverflow.com/jobs/350001
Software Developer (PHP),Eduonix Learning Solutions,"Navi Mumbai, India",https://stackoverflow.com/jobs/387868
Hybrid APP Developer,Prance Infotech Pvt Ltd,"Mumbai, India",https://stackoverflow.com/jobs/387849
Software Developer (all genders),Goodgame Studios,"Hamburg, Germany",https://stackoverflow.com/jobs/384706
Software Engineer,Amazon Web Services,"East Palo Alto, CA",https://stackoverflow.com/jobs/381854
Staff Web Developer,SimpliSafe,"Boston, MA",https://stackoverflow.com/jobs/350954
"Engineer, Platform - MongoDB/RDS",Auth0,No office location,https://stackoverflow.com/jobs/368577
Android Developer at Kolkata - 1 to 2 Years,Yes Tech Solutions,"Kolkata, India",https://stackoverflow.com/jobs/362295
Quality Engineer--API Platform (Dallas),"Yum! Brands, Inc.","Plano, TX",https://stackoverflow.com/jobs/361341
ANDROID DEVELOPER,Enthuons,"Noida, India",https://stackoverflow.com/jobs/342668
Software Engineer,News UK,"London, UK",https://stackoverflow.com/jobs/388322
Software Development Lead: Marex Solutions,Marex Spectron,"London, UK",https://stackoverflow.com/jobs/380144
Full-Stack Engineer: Special Projects,Medal.tv,"Long Beach, CA",https://stackoverflow.com/jobs/293381
Software Engineering Manager,The Home Depot,"Austin, TX",https://stackoverflow.com/jobs/363684
Software Engineer III,J.B. Hunt Transport,"Lowell, AR",https://stackoverflow.com/jobs/215536
Quantitative Research Engineer (Python),Hudson River Trading,"New York, NY",https://stackoverflow.com/jobs/287292
Cloud Services Software Engineer,Apple,"Cupertino, CA",https://stackoverflow.com/jobs/372005
Cloud Infrastructure Spark Software Engineer,Apple,"Cupertino, CA",https://stackoverflow.com/jobs/392572
Cloud Services Software Engineer,Apple,"Cupertino, CA",https://stackoverflow.com/jobs/372005
Android Developer at Kolkata - 1 to 2 Years,Yes Tech Solutions,"Kolkata, India",https://stackoverflow.com/jobs/362295
Senior Full Stack Web Developer - Small Company - Disruptive Product,nxtedition,"Malmö, Sweden",https://stackoverflow.com/jobs/372529
Front End Developer,Paper Plane Solutions.,"Mumbai, India",https://stackoverflow.com/jobs/323678
React Developer (Experienced),ICF Tech Hungary,"Budapest, Hungary",https://stackoverflow.com/jobs/308369
Lead Software Engineer (Go),PriceSpider,"Irvine, CA",https://stackoverflow.com/jobs/392607
Lead Software Developer (m/f/d),ThoughtWorks Inc.,"Stuttgart, Germany",https://stackoverflow.com/jobs/232286
Senior Key Expert – Experience Design for Smart Infrastructure (XD4SI),Siemens AG,"Bengaluru, India",https://stackoverflow.com/jobs/392747
Fully Cleared Java Software Developer Opportunity,Varen Technologies,"Columbia, MD",https://stackoverflow.com/jobs/389880
Software Development Engineer,Amazon Web Services,"Vancouver, BC, Canada",https://stackoverflow.com/jobs/386930
Software Developer @ MAN Digital Hub,Volkswagen Digital Solutions,"Lisboa, Portugal",https://stackoverflow.com/jobs/340980
Senior Software Engineer for Nvidia Internal Infrastructure,NVIDIA,"Pune, India",https://stackoverflow.com/jobs/382798
Senior Software Engineer - Full Stack,SG Digital,"London, UK",https://stackoverflow.com/jobs/279220
"Software Engineer, Android",Duolingo,"Pittsburgh, PA",https://stackoverflow.com/jobs/268825
JavaScript Engineer,LeoVegas Mobile Gaming Group,"Stockholm, Sweden",https://stackoverflow.com/jobs/386114
"AI/ML - R&D Scientist, Machine Translation",Apple,"Cupertino, CA",https://stackoverflow.com/jobs/373512
"Software Engineer, Cloud Data Warehouse",ByteDance,Singapore,https://stackoverflow.com/jobs/392482
Frontend Engineer (m/f/d),GEDANKENtanken GmbH,"Köln, Deutschland",https://stackoverflow.com/jobs/348313
iOS Engine Developers with knowledge in C++ for game engine,Massive Entertainment - A Ubisoft Studio,"Malmö, Sweden",https://stackoverflow.com/jobs/321800
Full Stack React/Redux Developer,Peterson Technology Partners,"Tempe, AZ",https://stackoverflow.com/jobs/392003
Software Development Lead: Marex Solutions,Marex Spectron,"London, UK",https://stackoverflow.com/jobs/380144
Senior Software Engineer - Web UI Developer for Trafficware,Cubic Corporation,"Hyderabad, India",https://stackoverflow.com/jobs/383711
Senior Software Engineer - UI Angular,Citizens Bank,"Boston, MA",https://stackoverflow.com/jobs/391696
Software Engineer Java (f/m/d),AWIN AG,"Hannover, Deutschland",https://stackoverflow.com/jobs/295880
Enterprise / Systems Architect for Smart Field Devices,Siemens AG,"Zug, Switzerland",https://stackoverflow.com/jobs/389432
iOS Engine Developers with knowledge in C++ for game engine,Massive Entertainment - A Ubisoft Studio,"Malmö, Sweden",https://stackoverflow.com/jobs/321800
Software Engineer Java (f/m/d),AWIN AG,"Hannover, Deutschland",https://stackoverflow.com/jobs/295880
Implementation/Full Stack Developer,FieldCap Inc.,"Calgary, AB, Canada",https://stackoverflow.com/jobs/273470
Typescript / Javascript Developer,Capita plc,"Bristol, UK",https://stackoverflow.com/jobs/290466
React Native Engineer (m/f/d),GEDANKENtanken GmbH,"Köln, Deutschland",https://stackoverflow.com/jobs/348295
Senior Software Engineer - UI Angular,Citizens Bank,"Boston, MA",https://stackoverflow.com/jobs/391696
"Full Stack Senior Web Developer, Small Company - Disruptive Product",nxtedition,"Malmö, Sweden",https://stackoverflow.com/jobs/166416
"AI/ML - R&D Scientist, Machine Translation",Apple,"Cupertino, CA",https://stackoverflow.com/jobs/373512
Apple Media Products - UI Engineer,Apple,"Cupertino, CA",https://stackoverflow.com/jobs/374356
C++ Software Engineer - Infotainment System Infrastructure (f/m/x),BMW Group,"Ulm, Deutschland",https://stackoverflow.com/jobs/331167
"Siri - Machine Learning Engineer, Siri Experience",Apple,"Seattle, WA",https://stackoverflow.com/jobs/364077
"Software Engineer, Performance Engineering (Senior/Lead/Principal)",Salesforce,"San Francisco, CA",https://stackoverflow.com/jobs/364232
Lead React/ThreeJS Developer [100% REMOTE],Clevertech,No office location,https://stackoverflow.com/jobs/386123
Senior Data Engineer,Enlitic,"San Francisco, CA",https://stackoverflow.com/jobs/359444
Front-end Software Engineer,eVision Industry Software,"The Hague, Netherlands",https://stackoverflow.com/jobs/347896
"Java Full Stack Developer- SAP SuccessFactors ""Platform Frameworks""",SAP,"Bengaluru, India",https://stackoverflow.com/jobs/388235
"Senior Software Engineer- AWS Pinpoint (Serverless, Global Digital User Engagement)",Amazon Web Services,"Seattle, WA",https://stackoverflow.com/jobs/381786
3D UI Frameworks Engineer,Apple,"Boulder, CO",https://stackoverflow.com/jobs/387710
IVR Software Engineer,Vail Systems Inc.,"Chicago, IL",https://stackoverflow.com/jobs/370912
UX Product Designer at the most scaled-up start-up in Brazil,Loft,"Cerqueira César, Brazil",https://stackoverflow.com/jobs/305781
PHP Developer,ThinkApps Solutions Private Limited,"Mumbai, India",https://stackoverflow.com/jobs/383148
Software Test Engineer - Automation Testing,Siemens AG,"Pune, India",https://stackoverflow.com/jobs/392745
Software Engineer - Java,Privitar Ltd,"Warsaw, Poland",https://stackoverflow.com/jobs/386842
"Software Engineer, Front End/UI - UX Engineering",ServiceNow,"Hyderabad, India",https://stackoverflow.com/jobs/379894
C++ Windows Developer,Esri,"Redlands, CA",https://stackoverflow.com/jobs/383609
Compiler/LLVM Software Engineer,Imagination Technologies,"Kings Langley, UK",https://stackoverflow.com/jobs/386137
Software Engineer - Android,Shield AI,"San Diego, CA",https://stackoverflow.com/jobs/391158
Full Stack .NET Angular Developer,DATALINK SOFTWARE,"Tampa, FL",https://stackoverflow.com/jobs/364167
Software Developer,Prepathon,"Mumbai, India",https://stackoverflow.com/jobs/325853
Software Engineer,"Riptide Software, Inc","Orlando, FL",https://stackoverflow.com/jobs/348073
Site Reliability Engineer,Doctolib,"Levallois-Perret, France",https://stackoverflow.com/jobs/392926
Full Stack Developer (Data Focus),"Sands Capital Management, LLC","Arlington, VA",https://stackoverflow.com/jobs/299774
Software Development Engineer,Amazon Web Services,"Arlington, VA",https://stackoverflow.com/jobs/381927
Jr. Web Developer,SymLink Technologies,"Kolkata, India",https://stackoverflow.com/jobs/335327
Senior Front-End JavaScript Engineer,Canva,"Sydney, Australia",https://stackoverflow.com/jobs/150823
"Apple Media Products - Software Engineer, Music Discovery",Apple,"Cupertino, CA",https://stackoverflow.com/jobs/392577
Frontend Engineer - AWS Elasticsearch,Amazon Web Services,"Bellevue, WA",https://stackoverflow.com/jobs/387356
"Sr, Php Developer (ci/ laravel/ angular/ node.js/ wordpress)",Parkhya Solutions Pvt Ltd,"Indore, India",https://stackoverflow.com/jobs/378423
Engineering Manager (m/f/d),GEDANKENtanken GmbH,"Köln, Deutschland",https://stackoverflow.com/jobs/351249
AWS Partner seeking Back-end Developers! (Javascript / Node.js),Mission Labs Ltd,"Manchester, UK",https://stackoverflow.com/jobs/353592
"Lead Software Development in Test, Apps Test Engineering",Apple,"Cupertino, CA",https://stackoverflow.com/jobs/377530
Java Software Engineer,Vail Systems Inc.,"Deerfield, IL",https://stackoverflow.com/jobs/291918
React JS Developer,Multi Recruit,"Hyderabad, India",https://stackoverflow.com/jobs/388155
Java Developer,BUX,"Amsterdam, Netherlands",https://stackoverflow.com/jobs/391748
"Manager, Software Engineering - Enterprise",Facebook,"Sunnyvale, CA",https://stackoverflow.com/jobs/353890
Senior Software Engineer,Citizens Bank,"Charlotte, NC",https://stackoverflow.com/jobs/380134
Senior (.NET + AWS) Developers - Come join us and #dobeautifulwork,Xero,"Wellington, New Zealand",https://stackoverflow.com/jobs/280697
Site Reliability  Engineer,Vonage,"Atlanta, GA",https://stackoverflow.com/jobs/320791
Full Stack Software Engineer,Epidemic Sound AB,"Stockholm, Sweden",https://stackoverflow.com/jobs/241590
Software Automation Engineer,Skyward Federal,"Colorado Springs, CO",https://stackoverflow.com/jobs/376575
Senior (.NET + AWS) Developers - Come join us and #dobeautifulwork,Xero,"Wellington, New Zealand",https://stackoverflow.com/jobs/280697
Site Reliability  Engineer,Vonage,"Atlanta, GA",https://stackoverflow.com/jobs/320791
Full Stack Software Engineer,Epidemic Sound AB,"Stockholm, Sweden",https://stackoverflow.com/jobs/241590
"Apple Media Products - Software Engineer, Music Discovery",Apple,"Cupertino, CA",https://stackoverflow.com/jobs/392577
Senior Software Development Manager – Amazon DynamoDB,Amazon Web Services,"Seattle, WA",https://stackoverflow.com/jobs/381767
Fullstack JavaScript Engineer for an Marketplace SaaS Platform,HeyAMZ UG (haftungsbeschränkt),"Mannheim, Deutschland",https://stackoverflow.com/jobs/387932
Sr. Software Developer,Artiimaz,"Lucknow, India",https://stackoverflow.com/jobs/324867
Senior Back-end IoT Developer,Hyrde IoT B.V.,"Amsterdam, Netherlands",https://stackoverflow.com/jobs/353156
Software Entwicklungsingenieur/in für «Fire Applications» 80-100%,Siemens AG,"Zug, Switzerland",https://stackoverflow.com/jobs/370780
PHP Developer,B-Mates Technologies,"Ernakulam, India",https://stackoverflow.com/jobs/323889
Want to build a company? Tech founder role,The IndyHub,"New York, NY",https://stackoverflow.com/jobs/368403
"Sr, Php Developer (ci/ laravel/ angular/ node.js/ wordpress)",Parkhya Solutions Pvt Ltd,"Indore, India",https://stackoverflow.com/jobs/378423
Senior Software Engineer (remote US or office) <progressive ed nonprofit>,Achievement Network,"Boston, MA",https://stackoverflow.com/jobs/272027
Software Engineer - Geospatial/GIS,"Ridgeline International, Inc.","McLean, VA",https://stackoverflow.com/jobs/384450
Senior Backend Engineer - Data and Platform,Wade & WendyviaWade & Wendy,"New York, NY",https://stackoverflow.com/jobs/389888
Senior Software Developer,Klik,"Montreal, QC, Canada",https://stackoverflow.com/jobs/389522
Senior Backend Developer,komoot,"Berlin, Germany",https://stackoverflow.com/jobs/390716
"Engineering Manager, Cloud Services",Apple,"Cupertino, CA",https://stackoverflow.com/jobs/358492
"Frontend Web Developer, React",Voice,"Brooklyn, NY",https://stackoverflow.com/jobs/371432
Senior C#/WPF Software Developer,Esri,"Redlands, CA",https://stackoverflow.com/jobs/383601
Senior Software Engineer – Platform compiler (f/m/d),Cinemo GmbH,"Karlsruhe, Germany",https://stackoverflow.com/jobs/376806
"Software Engineer, iOS",Duolingo,"Pittsburgh, PA",https://stackoverflow.com/jobs/268827
Software Engineer III,J.B. Hunt Transport,"Lowell, AR",https://stackoverflow.com/jobs/389780
React Native Developer,Mobiloitte Technologies,"New Delhi, India",https://stackoverflow.com/jobs/384573
Software Engineer III - .Net Core & C#,J.B. Hunt Transport,"Lowell, AR",https://stackoverflow.com/jobs/387394
Cellular Protocol Development Engineer,Apple,"Cupertino, CA",https://stackoverflow.com/jobs/388609
Senior .NET Software Engineer,TeamDynamix,"Columbus, OH",https://stackoverflow.com/jobs/337606
Software Engineer - Embedded C & Linux,Siemens AG,"Pune, India",https://stackoverflow.com/jobs/388253
Software Engineer III,J.B. Hunt Transport,"Lowell, AR",https://stackoverflow.com/jobs/389780
"Software Engineer, Android",Sureify,"Hyderabad, India",https://stackoverflow.com/jobs/332354
"Lead Application Engineer - Swift 5+, SwiftUI, Combine, Architecture, Data Model",LiveSurface,No office location,https://stackoverflow.com/jobs/392501
Backend Engineer,Solidus Labs,"New York, NY",https://stackoverflow.com/jobs/301213
Backend Engineer,Solidus Labs,"Tel Aviv-Yafo, Israel",https://stackoverflow.com/jobs/301220
Senior C#/WPF Software Developer,Esri,"Redlands, CA",https://stackoverflow.com/jobs/383601
Principal Solution Architect - Security,Amazon Web Services,"Canberra, Australia",https://stackoverflow.com/jobs/389964
Cloud Platform Software Engineer ( Platform / Back-end / Web) : CPD,Rakuten,"Tokyo, Japan",https://stackoverflow.com/jobs/360634
Software Developer - UX/UI ArcGIS Pro Raster and Imagery,Esri,"Redlands, CA",https://stackoverflow.com/jobs/384452
Senior Software Engineer - Java,ITV,"Salford, UK",https://stackoverflow.com/jobs/365036
Java Full Stack Developer,FIK E-Commerce,"Hyderabad, India",https://stackoverflow.com/jobs/326785
Senior Software Engineer (iOS),IDaptive,"Hyderabad, India",https://stackoverflow.com/jobs/376925
"Deep Learning Engineer, Perception Algorithms- Video Computer Vision",Apple,"Cupertino, CA",https://stackoverflow.com/jobs/362609
Software Engineer,SG Digital,"Wellington, New Zealand",https://stackoverflow.com/jobs/279091
Software Engineer,Google,"Seattle, WA",https://stackoverflow.com/jobs/348717
Software Engineer,Google,"New York, NY",https://stackoverflow.com/jobs/348716
Lead Platform Engineer - Become a Public Cloud Pioneer with CTS & Google,Cloud Technology Solutions Ltd.,"Manchester, UK",https://stackoverflow.com/jobs/381033
Product Developer,Think Analytics India,"Mumbai, India",https://stackoverflow.com/jobs/383175
Senior Software Engineer -Location Services Special Projects,Apple,"Cupertino, CA",https://stackoverflow.com/jobs/354977
PHP DeveloperApply,Expro Lab,"Kolkata, India",https://stackoverflow.com/jobs/369149
Front-end Developer,ATC,"Pune, India",https://stackoverflow.com/jobs/392050
Full Stack Developer,"AFRL-BAH-FEDSIM - Rome, NY","Rome, NY",https://stackoverflow.com/jobs/392995
Senior Software Engineer,Cubic Corporation,"Hyderabad, India",https://stackoverflow.com/jobs/383710
AWS Marketplace Web Framework - Software Development Engineer,Amazon Web Services,"Seattle, WA",https://stackoverflow.com/jobs/381757
Senior GO Developer,Vonage,"London, UK",https://stackoverflow.com/jobs/367094
"Software Development Engineer - AWS Commerce Platform, Pricing",Amazon Web Services,"Seattle, WA",https://stackoverflow.com/jobs/381821
Senior Software Engineer Java - FinTech (f/m/d),Delivery Hero SE,"Berlin, Germany",https://stackoverflow.com/jobs/392551
Senior Software Engineer Java,Unblu Inc.,"Basel, Switzerland",https://stackoverflow.com/jobs/391919
PHP DeveloperApply,Expro Lab,"Kolkata, India",https://stackoverflow.com/jobs/369149
Software Engineer - Video Specialist,Facebook,"Bellevue, WA",https://stackoverflow.com/jobs/353898
QA Developer --Selenium Gherkin,HaysviaHays plc,"Pickering, ON, Canada",https://stackoverflow.com/jobs/392987
Senior Software Engineer Kotlin - FinTech (f/m/d),Delivery Hero SE,"Berlin, Germany",https://stackoverflow.com/jobs/392553
"Freelance Drupal Developer – Remote, Full-time",Toptal,No office location,https://stackoverflow.com/jobs/382544
Mid- / Senior PHP Web Developer,Energy Gruppe Schweiz,"Zürich, Switzerland",https://stackoverflow.com/jobs/371108
Laravel Developer,Inkith Technology,"Ahmedabad, India",https://stackoverflow.com/jobs/329797
Python Software Engineer,bloomon,"Amsterdam, Netherlands",https://stackoverflow.com/jobs/286140
Senior Backend Engineer (Ruby on Rails),Files.com,No office location,https://stackoverflow.com/jobs/282423
Sr. PHP Devleoper,BonHills Techne Private Limited,"Ahmedabad, India",https://stackoverflow.com/jobs/385086
Senior Back-end / Platform Developer,Mission Labs Ltd,"Manchester, UK",https://stackoverflow.com/jobs/386481
(100% Remote) Ruby on Rails/Back-end Engineer at Talent Acquisition Team,Toptal,No office location,https://stackoverflow.com/jobs/388241
Lead Software Engineer,Appian,"Tysons, VA",https://stackoverflow.com/jobs/230961
Senior Software Dev Engineer,Amazon Web Services,"New York, NY",https://stackoverflow.com/jobs/382016
Sr. Web Developer,SymLink Technologies,"Kolkata, India",https://stackoverflow.com/jobs/382490
.NET Backend Developer,Rockstar Games,"Carlsbad, CA",https://stackoverflow.com/jobs/144974
Tools Development Architect,NVIDIA,"Bengaluru, India",https://stackoverflow.com/jobs/346921
Full stack software engineer,Ailo,"Sydney, Australia",https://stackoverflow.com/jobs/372382
Principal QA Engineer,Backbase,"Amsterdam, Netherlands",https://stackoverflow.com/jobs/380068
Software Engineer (App Development),Chiron Technology Services,"Columbia, MD",https://stackoverflow.com/jobs/341698
Software Engineer – Distributed Systems,Esri,"Redlands, CA",https://stackoverflow.com/jobs/383602
"Image Processing Engineer | Vancouver, BC or Hyderabad, India",Intrinsyc Technologies Corporation,"Hyderabad, India",https://stackoverflow.com/jobs/379850
Software Engineer - Automated Trading Systems,Optiver,"Amsterdam, Netherlands",https://stackoverflow.com/jobs/108160
Cloud Engineer,Creative Group,"Amsterdam, Netherlands",https://stackoverflow.com/jobs/378356
Software Development Engineer,Amazon Web Services,"Seattle, WA",https://stackoverflow.com/jobs/381819
Laravel Developer,Inkith Technology,"Ahmedabad, India",https://stackoverflow.com/jobs/329797
Modern Stack | FAST-Growing Tech Company w/ Personality - .NET Software Engineer,DriveCentric,"St. Louis, MO",https://stackoverflow.com/jobs/307146
PHP Developer APPLY,Expro Lab,"Kolkata, India",https://stackoverflow.com/jobs/363401
Software Development Engineer II,Audible,"Newark, NJ",https://stackoverflow.com/jobs/239942
"Sr. Cellular Software Engineer, Security",Apple,"San Diego, CA",https://stackoverflow.com/jobs/391961
Full Stack Web Developer,Augmentastic Pvt. Ltd.,"Pune, India",https://stackoverflow.com/jobs/392188
Web Developer - Frontend & Microsites,Hitachi Vantara,"Pune, India",https://stackoverflow.com/jobs/392204
Frontend developer React,VIKTOR,"Delft, Netherlands",https://stackoverflow.com/jobs/388222
Java Developer - Equity Accelerate Engineering,Goldman Sachs,"Warsaw, Poland",https://stackoverflow.com/jobs/361332
Senior Big Data Scalability Engineer (Remote US Based),VividCortex: Database Performance Monitoring,No office location,https://stackoverflow.com/jobs/334503
Senior Systems Developer / Operations (DevOps) Engineer,Branding Brand,"Pittsburgh, PA",https://stackoverflow.com/jobs/362207
Scala Backend Engineer,ZIVVER,"Amsterdam, Netherlands",https://stackoverflow.com/jobs/387193
Frontend Developer (US Project),William Hill,"Leeds, UK",https://stackoverflow.com/jobs/384690
React Native mobile app developer,Peytz & Co A/S,"Copenhagen, Denmark",https://stackoverflow.com/jobs/388826
Software Development Engineer II,ADCI - Karnataka,"Bengaluru, India",https://stackoverflow.com/jobs/381442
PHP Developer E-Learning domain,Nimbushire,"Noida, India",https://stackoverflow.com/jobs/326460
Senior Software Engineer - Java,Siemens AG,"Pune, India",https://stackoverflow.com/jobs/389438
QA Engineer,Creative Group,"Amsterdam, Netherlands",https://stackoverflow.com/jobs/380387
"Apple Media Products - Software Engineer, Music Discovery",Apple,"Cupertino, CA",https://stackoverflow.com/jobs/391849
Full Stack Web Developer,Augmentastic Pvt. Ltd.,"Pune, India",https://stackoverflow.com/jobs/392188
Software Development Engineer II,Audible,"Newark, NJ",https://stackoverflow.com/jobs/239942
Senior Software Engineer - Compliance Platform,Bloomberg LP,"New York, NY",https://stackoverflow.com/jobs/390302
Web Developer,Innovation Roots,"Bengaluru, India",https://stackoverflow.com/jobs/325249
Principal QA Engineer,Backbase,"Amsterdam, Netherlands",https://stackoverflow.com/jobs/380068
Senior Big Data Scalability Engineer (Remote US Based),VividCortex: Database Performance Monitoring,No office location,https://stackoverflow.com/jobs/334503
Senior Software Engineer Platform Development (m/f/d),On Running,"Berlin, Germany",https://stackoverflow.com/jobs/290364
Full-Stack Developer (IoT/Cloud Apps for Digital Factories),Siemens AG,"İstanbul, Turkey",https://stackoverflow.com/jobs/392740
Senior PHP Laravel Developer,UEV SocioLadder Technologies Private Limited,"Mumbai, India",https://stackoverflow.com/jobs/392429
Embedded Software Engineer - Thermal Management,Apple,"Cupertino, CA",https://stackoverflow.com/jobs/388618
[Remote] Senior Scrum Lead,CAIviaWade & Wendy,"Indianapolis, IN",https://stackoverflow.com/jobs/391453
Java Developers,Neighbore Technologies,"Pune, India",https://stackoverflow.com/jobs/335653
Senior Frontend Developer (Remote),Hypothesis.is,No office location,https://stackoverflow.com/jobs/375433
PHP Developer E-Learning domain,Nimbushire,"Noida, India",https://stackoverflow.com/jobs/326460
Web UI Developer,Totient Business Solutions Pvt. Ltd.,"Bengaluru, India",https://stackoverflow.com/jobs/352231
Back-end Software Engineer,eVision Industry Software,"The Hague, Netherlands",https://stackoverflow.com/jobs/282459
EOI - Software Engineer and/or Developer,carsales.com Ltd,"Cremorne, Australia",https://stackoverflow.com/jobs/380039
"Software Engineer - Java, Product & Features",Canva,"Sydney, Australia",https://stackoverflow.com/jobs/156512
Android Developer,Pixery,"İstanbul, Turkey",https://stackoverflow.com/jobs/347397
Senior Back-End Developer (SCALA)-Askuity,The Home Depot,"Toronto, ON, Canada",https://stackoverflow.com/jobs/294964
iOS Developer,Pixery,"İstanbul, Turkey",https://stackoverflow.com/jobs/346045
Web Developer - Frontend & Microsites,Hitachi Vantara Corporation,"Pune, India",https://stackoverflow.com/jobs/388137
Front End Developer,Artiimaz,"Lucknow, India",https://stackoverflow.com/jobs/366210
Senior Frontend ReactJS Developer (m/f/d),smava GmbH,"Berlin, Germany",https://stackoverflow.com/jobs/334412
"Software Engineer, Back End",Google,"Bengaluru, India",https://stackoverflow.com/jobs/382297
Web Developer - Frontend & Microsites,Hitachi Vantara Corporation,"Pune, India",https://stackoverflow.com/jobs/388137
iOS Developer,Pixery,"İstanbul, Turkey",https://stackoverflow.com/jobs/346045
Senior Frontend ReactJS Developer (m/f/d),smava GmbH,"Berlin, Germany",https://stackoverflow.com/jobs/334412
Software Developer in Test,Vonage,"London, UK",https://stackoverflow.com/jobs/284649
Camera Imaging Algorithm…,Path Partner Technology,"Bengaluru, India",https://stackoverflow.com/jobs/346957
Health SW Engineer - Medical Experience Team,Apple,"Cupertino, CA",https://stackoverflow.com/jobs/392754
Research/HPC Specialist Solution Architect,Amazon Web Services,"Melbourne, Australia",https://stackoverflow.com/jobs/389921
Utvikler,Storebrand,"Lysaker, Norway",https://stackoverflow.com/jobs/388320
"Senior Mobile Software Engineer (Android, iOS - m/w)",Untis GmbH,"Stockerau, Österreich",https://stackoverflow.com/jobs/388571
Software Engineer-Applications,Plex,"Pune, India",https://stackoverflow.com/jobs/387337
Technical Marketing Engineer (f/m/d),Silexica,"Lahore, Pakistan",https://stackoverflow.com/jobs/390708
AWS Partner seeking Senior Javascript Developers (Javascript/AWS/React),Mission Labs Ltd,"Manchester, UK",https://stackoverflow.com/jobs/353597
Software Architecture and AI Researcher,Software Engineering Institute,"Pittsburgh, PA",https://stackoverflow.com/jobs/384713
Software Engineer - Database Infrastructure Specialist,Facebook,"Bellevue, WA",https://stackoverflow.com/jobs/353863
C++ Software Engineer - Ability to WFH Most Days (Security and Forensics),Grier Forensics,"Owings Mills, MD",https://stackoverflow.com/jobs/271160
Sr Full Stack Developer (React/Node),Carex Consulting Group,"Brookfield, WI",https://stackoverflow.com/jobs/391712
"AI/ML- Sr Machine Learning Engineer, Media Domains",Apple,"Seattle, WA",https://stackoverflow.com/jobs/385198
Senior Site Reliability Engineer (Remote),Hypothesis.is,No office location,https://stackoverflow.com/jobs/375434
Forward Deployed Software Engineer,Palantir,"London, UK",https://stackoverflow.com/jobs/301835
Front End Engineer - React - we are doubling the size of the team!,Privitar Ltd,"London, UK",https://stackoverflow.com/jobs/286048
DevOps Engineers All Levels (Senior/Lead/Principal) (Multiple Locations),Salesforce,"Boston, MA",https://stackoverflow.com/jobs/364241
Utvikler,Storebrand,"Stavanger, Norway",https://stackoverflow.com/jobs/391875
"Manager III, IT App Mgmt",Amazon Fintech,"Seattle, WA",https://stackoverflow.com/jobs/390197
Java Engineer - Future Needs,American Express UK,"London, UK",https://stackoverflow.com/jobs/203132
Full Stack Developer,NewWave,"Baltimore, MD",https://stackoverflow.com/jobs/321897
Infrastructure Developer,Hemnet,"Stockholm, Sweden",https://stackoverflow.com/jobs/387883
Camera Imaging Algorithm…,Path Partner Technology,"Bengaluru, India",https://stackoverflow.com/jobs/346957
Health SW Engineer - Medical Experience Team,Apple,"Cupertino, CA",https://stackoverflow.com/jobs/392754
Lead Cloud Operations Engineer,Lime,"Lund, Sweden",https://stackoverflow.com/jobs/375369
Devops Engineer,"Vistex, Inc.","Hyderabad, India",https://stackoverflow.com/jobs/392076
Software Development Engineer - AWS CloudFormation,Amazon Web Services,"Vancouver, BC, Canada",https://stackoverflow.com/jobs/383991
Software Engineer MTS 2,eBay,"Bellevue, WA",https://stackoverflow.com/jobs/390765
"AI/ML - ML Engineer, Siri Data",Apple,"Cupertino, CA",https://stackoverflow.com/jobs/311663
R&D Character TD- SDG,Apple,"Cupertino, CA",https://stackoverflow.com/jobs/388593
"Deep Learning Engineer, Scene Graph Generation- Video Computer Vision",Apple,"Cupertino, CA",https://stackoverflow.com/jobs/392575
Software Engineer,Palantir,"London, UK",https://stackoverflow.com/jobs/301879
Senior Software Developer - Game Ecosystem,Samsung Electronics UK LTD,"Staines-upon-Thames, UK",https://stackoverflow.com/jobs/384758
CI/CD Engineer,Bloomreach,"Amsterdam, Netherlands",https://stackoverflow.com/jobs/362021
Security/Cloud Engineer,McKinsey & Company,"Chicago, IL",https://stackoverflow.com/jobs/351804
C++ Software Engineer - Ability to WFH Most Days (Security and Forensics),Grier Forensics,"Owings Mills, MD",https://stackoverflow.com/jobs/271160
Developer Tools Engineer,Palantir,"New York, NY",https://stackoverflow.com/jobs/387739
PHP Developer,Artiimaz,"Lucknow, India",https://stackoverflow.com/jobs/322851
DevOps Engineers All Levels (Senior/Lead/Principal) (Multiple Locations),Salesforce,"Seattle, WA",https://stackoverflow.com/jobs/364240
Senior Developer - AEM-WordPress,Hitachi Vantara Corporation,"Pune, India",https://stackoverflow.com/jobs/388139
AWS Marketplace  - Software Development Engineer,Amazon Web Services,"Seattle, WA",https://stackoverflow.com/jobs/381846
Amazon Redshift - Software Development Engineer III,Amazon Web Services,"East Palo Alto, CA",https://stackoverflow.com/jobs/381935
DevOps Engineers All Levels (Senior/Lead/Principal) (Multiple Locations),Salesforce,"San Francisco, CA",https://stackoverflow.com/jobs/364239
Software Development Engineer – AWS Elastic MapReduce (EMR),Amazon Web Services,"East Palo Alto, CA",https://stackoverflow.com/jobs/381893
Security Software Engineer,Apple,"Cupertino, CA",https://stackoverflow.com/jobs/387711
Android Developer,BUX,"Amsterdam, Netherlands",https://stackoverflow.com/jobs/391749
Digital Analytics Implementation & Reporting Partner,Citizens Bank,"Providence, RI",https://stackoverflow.com/jobs/386831
DevOps Engineers All Levels (Senior/Lead/Principal) (Multiple Locations),Salesforce,"San Francisco, CA",https://stackoverflow.com/jobs/364239
Software Development Engineer – AWS Elastic MapReduce (EMR),Amazon Web Services,"East Palo Alto, CA",https://stackoverflow.com/jobs/381893
Full Stack Developer,NewWave,"Baltimore, MD",https://stackoverflow.com/jobs/321897
Senior Software Engineer,Wallaroo Labs,"New York, NY",https://stackoverflow.com/jobs/390751
Senior Backend PHP Developer,Azerion,"Schiphol-Rijk, Netherlands",https://stackoverflow.com/jobs/357169
AWS Marketplace  - Software Development Engineer,Amazon Web Services,"Seattle, WA",https://stackoverflow.com/jobs/381846
5G Protocol Analysis Engineer,Apple,"Cupertino, CA",https://stackoverflow.com/jobs/364751
Software Test Manager (m/w/f),Zumtobel Group,"Dornbirn, Österreich",https://stackoverflow.com/jobs/370627
Software Developer in Test,Grand Parade,"Kraków, Poland",https://stackoverflow.com/jobs/390868
Android Developer,Gaian Solutions,"Hyderabad, India",https://stackoverflow.com/jobs/344780
Artificial Intelligence,newAmps Consulting,"Kolkata, India",https://stackoverflow.com/jobs/362294
DevSecOps Engineer – eCommerce Platform,"Yum! Brands, Inc.","Chicago, IL",https://stackoverflow.com/jobs/368609
Amazon Web Services (DMS)  - Software Development Engineer,Amazon Web Services,"Seattle, WA",https://stackoverflow.com/jobs/381791
iOS Software Engineer,Esri,"Redlands, CA",https://stackoverflow.com/jobs/383621
Lead Manager – Infrastructure Security,EquitableviaWade & Wendy,"Syracuse, NY",https://stackoverflow.com/jobs/392006
"Siri - Analytics Engineer, Data Organization",Apple,"Boulder, CO",https://stackoverflow.com/jobs/388616
Dart / Flutter Developer - Shop Applications,ABOUT YOU GmbH,"Hamburg, Deutschland",https://stackoverflow.com/jobs/351153
Maps Search Machine Learning Engineer,Apple,"Cupertino, CA",https://stackoverflow.com/jobs/374345
Magento Developer,jobclusive Hr Solutions,"Mumbai, India",https://stackoverflow.com/jobs/386370
Senior Front-end Developer,Channable,"Utrecht, Netherlands",https://stackoverflow.com/jobs/342986
Wordpress Developer,Aves Infotech,"Kochi, India",https://stackoverflow.com/jobs/323977
Application Support,technosoft corporation,"Hyderabad, India",https://stackoverflow.com/jobs/354699
Urgent Opening for IOS developer,Teamlease Digital Private Limited,"Bengaluru, India",https://stackoverflow.com/jobs/377203
"Siri - Analytics Engineer, Data Organization",Apple,"Boulder, CO",https://stackoverflow.com/jobs/388616
Research/HPC Specialist Solution Architect,Amazon Web Services,"Melbourne, Australia",https://stackoverflow.com/jobs/389921
Senior Front-end Developer,Channable,"Utrecht, Netherlands",https://stackoverflow.com/jobs/342986
Sr. ETL Database Engineer -  Python [100% REMOTE],Clevertech,No office location,https://stackoverflow.com/jobs/389854
"Applications Engineer / Systems Engineer, Platform Architecture",Apple,"Cupertino, CA",https://stackoverflow.com/jobs/377551
Principal Software Engineer,Citizens Bank,"Boston, MA",https://stackoverflow.com/jobs/374590
Senior Software Engineer (Platform Software),SpaceX,"Hawthorne, CA",https://stackoverflow.com/jobs/386169
Software Development Engineer II,Amazon Web Services,"Vancouver, BC, Canada",https://stackoverflow.com/jobs/383973
Software Engineer - Big Data,Privitar Ltd,"London, UK",https://stackoverflow.com/jobs/286047
UX Design Lead (Profiling and Analytics System),Centre for Strategic Infocomm Technologies (CSIT),Singapore,https://stackoverflow.com/jobs/391652
"Sr. Data Scientist - Omics and Imaging, Personalized Healthcare (PHC)",Genentech,"South San Francisco, CA",https://stackoverflow.com/jobs/390640
Full Stack Developer,Zauba Corp,"Bengaluru, India",https://stackoverflow.com/jobs/392296
C++ Developer Disrupting TV,Appear TV,"Oslo, Norway",https://stackoverflow.com/jobs/159468
Frontend Developer,UniPartners IT-Services NV,"Vilvoorde, Belgium",https://stackoverflow.com/jobs/303793
We are still hiring Senior C# developers.,Admincontrol,"Drammen, Norway",https://stackoverflow.com/jobs/391785
Application Support,technosoft corporation,"Hyderabad, India",https://stackoverflow.com/jobs/354699
Urgent Opening for IOS developer,Teamlease Digital Private Limited,"Bengaluru, India",https://stackoverflow.com/jobs/377203
Software Development Engineer – AWS Elastic MapReduce (EMR),Amazon Web Services,"East Palo Alto, CA",https://stackoverflow.com/jobs/381919
Software Development Engineer – AWS Elastic MapReduce (EMR),Amazon Web Services,"East Palo Alto, CA",https://stackoverflow.com/jobs/381918
Software Infrastructure Engineer,Palantir,"Seattle, WA",https://stackoverflow.com/jobs/301881
Forward Deployed Software Engineer,Palantir,"New York, NY",https://stackoverflow.com/jobs/301834
"Amazon Redshift - Software Development Engineer III, in Test",Amazon Web Services,"East Palo Alto, CA",https://stackoverflow.com/jobs/381954
Software Engineer,Google,"Mountain View, CA",https://stackoverflow.com/jobs/348715
Frontend Developer,RecoSense Infosolutions,"Bengaluru, India",https://stackoverflow.com/jobs/352236
Senior JavaScript Engineer (d/f/m),AUTO1,"Berlin, Germany",https://stackoverflow.com/jobs/388538
Back-End Web Developer - ArcGIS Urban,Esri,"Zürich, Switzerland",https://stackoverflow.com/jobs/383616
"Software Engineer, Hardware Systems",Facebook,"Menlo Park, CA",https://stackoverflow.com/jobs/353963
DevOps Engineers All Levels (Senior/Lead/Principal) (Multiple Locations),Salesforce,"Herndon, VA",https://stackoverflow.com/jobs/364242
"Software Engineer, Mobile",Bending Spoons,"Milano, Italy",https://stackoverflow.com/jobs/345468
Software Engineering Apprenticeship,Facebook,"London, UK",https://stackoverflow.com/jobs/379323
"Manager III, Software Dev",Amazon Fintech,"Seattle, WA",https://stackoverflow.com/jobs/390199
"Sr. Data Scientist - Omics and Imaging, Personalized Healthcare (PHC)",Genentech,"South San Francisco, CA",https://stackoverflow.com/jobs/390640
"Data Engineer, Infra Product Analytics",Facebook,"Menlo Park, CA",https://stackoverflow.com/jobs/353894
Fullstack PHP Developer - Bangalore India,MEKARI (PT. Mid Solusi Nusantara),"Bengaluru, India",https://stackoverflow.com/jobs/383472
Senior Performance Engineer,Appian,"McLean, VA",https://stackoverflow.com/jobs/377154
Software Test Engineer / Lab Technician,igolgi,"Barrington, IL",https://stackoverflow.com/jobs/348997
iOS Developer,Backbase,"Amsterdam, Netherlands",https://stackoverflow.com/jobs/381290
.Net Developer,Roljobs Technology Services Pvt Ltd,"Bengaluru, India",https://stackoverflow.com/jobs/324045
We are still hiring Senior C# developers.,Admincontrol,"Drammen, Norway",https://stackoverflow.com/jobs/391785
Senior Angular Frontend Developer,ZIVVER,"Amsterdam, Netherlands",https://stackoverflow.com/jobs/351308
RF Systems Analysis Engineer,Apple,"San Diego, CA",https://stackoverflow.com/jobs/385181
Frontend Developer,RecoSense Infosolutions,"Bengaluru, India",https://stackoverflow.com/jobs/352236
VMWare – Junior IT System Manager (m/f/d),Siemens AG,"Amadora, Portugal",https://stackoverflow.com/jobs/388264
Senior JavaScript Engineer (d/f/m),AUTO1,"Berlin, Germany",https://stackoverflow.com/jobs/388538
Front End Developer,NarayanaGroup,"Hyderabad, India",https://stackoverflow.com/jobs/379881
"Manager, Software Engineering, FB Lite",Facebook,"Tel Aviv-Yafo, Israel",https://stackoverflow.com/jobs/206451
Data Intelligence – Spark – ML,CareerXperts,"Bengaluru, India",https://stackoverflow.com/jobs/346951
Data Engineer II,Amazon Fintech,"Amsterdam, Netherlands",https://stackoverflow.com/jobs/390048
Principal DevOps Engineer,IDaptive,"Hyderabad, India",https://stackoverflow.com/jobs/335488
JAVA Developer,DrLive,"Bengaluru, India",https://stackoverflow.com/jobs/324965
Software Development Engineer,OpenMarket,"Zapopan, Mexico",https://stackoverflow.com/jobs/203832
Mobile Application Developer,Netism Soft Private Limited,,https://stackoverflow.com/jobs/388956
Business Analyst JavaScript Developer,Esri,"Redlands, CA",https://stackoverflow.com/jobs/383625
Back-End Web Developer - ArcGIS Urban,Esri,"Zürich, Switzerland",https://stackoverflow.com/jobs/383616
ISV Partner Solutions Architect,Amazon Web Services,"Seoul, South Korea",https://stackoverflow.com/jobs/392863
IT Architect for Microsoft Intune and defender ATP (m/f/d),Siemens AG,"Amadora, Portugal",https://stackoverflow.com/jobs/388270
Intern - Product Management Shop Applications,ABOUT YOU GmbH,"Hamburg, Deutschland",https://stackoverflow.com/jobs/332770
SRE Analysts,Mox Bank,Hong Kong,https://stackoverflow.com/jobs/391177
Senior PHP Developer,Programming Minds Inc,"Mumbai, India",https://stackoverflow.com/jobs/392442
DevOps Engineer - millions of monthly visitors put their faith in you,funda,"Amsterdam, Netherlands",https://stackoverflow.com/jobs/380114
Analytics Engineer: Javascript - Full Stack,InfoTrust LLC,No office location,https://stackoverflow.com/jobs/389738
Software Engineer,Cubic Corporation,"Hyderabad, India",https://stackoverflow.com/jobs/352816
App Developer,Wake-Up Technology,"Noida, India",https://stackoverflow.com/jobs/342728
Senior C# Developer,Future PLC,"Brno, Czechia",https://stackoverflow.com/jobs/382748
Senior Node.js Software Engineer,SimpliSafe,"Boston, MA",https://stackoverflow.com/jobs/350962
Senior Java Full Stack Developer - SAP SuccessFactors (Platform Frameworks),SAP,"Bengaluru, India",https://stackoverflow.com/jobs/388237
Dev Ops Engineering Leader/Evangelist – Trading Technology,7 Chord inc.,"Brooklyn, NY",https://stackoverflow.com/jobs/331854
Software Engineer,Palantir,"New York, NY",https://stackoverflow.com/jobs/387824
Senior Web Development ISO,HaysviaHays plc,"Raleigh, NC",https://stackoverflow.com/jobs/392597
Software Development Operations (DevOps) Intern (f/m/d),Silexica,"Köln, Deutschland",https://stackoverflow.com/jobs/390705
UI Developer,Anatta,"Bengaluru, India",https://stackoverflow.com/jobs/325355
Manager Site Reliability Engineering (SRE) Cloud Services,Apple,"Cupertino, CA",https://stackoverflow.com/jobs/393084
Data Scientist Intern Job,Dasceq,"Bengaluru, India",https://stackoverflow.com/jobs/346899
Software Developer,40K Plus Education Pvt Ltd,"Bengaluru, India",https://stackoverflow.com/jobs/385143
Full Stack Developer,Endgame360,No office location,https://stackoverflow.com/jobs/344307
Execution Engineer and Software Developer,Siemens AG,"Shanghai, China",https://stackoverflow.com/jobs/388285
Data Scientist Intern Job,Dasceq,"Bengaluru, India",https://stackoverflow.com/jobs/346899
Software Developer,40K Plus Education Pvt Ltd,"Bengaluru, India",https://stackoverflow.com/jobs/385143
Android Developer Telia,Telia Company,"Göteborg, Sweden",https://stackoverflow.com/jobs/383529
Sr. Android Developer,Ficode Software Solutions Private Limited,"Sahibzada Ajit Singh Nagar, India",https://stackoverflow.com/jobs/383705
Cloud Support Eng. I (DMS),AISPL - Telangana,"Hyderabad, India",https://stackoverflow.com/jobs/392058
"Senior Site Reliability Engineer - Security, Automation, Cloud","One Finance, Inc.","Sacramento, CA",https://stackoverflow.com/jobs/280685
Full-Stack Developer (All-Levels),Shareworks by Morgan Stanley,"Calgary, AB, Canada",https://stackoverflow.com/jobs/339247
Front End Developer,EAGLE6,"Sellersburg, IN",https://stackoverflow.com/jobs/380122
React Lead Developer - New Products,LendingStandard,"Kansas City, KS",https://stackoverflow.com/jobs/298837
.NET Software Developer - ArcGIS Online,Esri,"Redlands, CA",https://stackoverflow.com/jobs/383623
Quality Engineer,Mox Bank,Hong Kong,https://stackoverflow.com/jobs/391164
Big Data Hadoop,FIK E-Commerce,"Hyderabad, India",https://stackoverflow.com/jobs/345541
"Director, Product Management",Audible,"Newark, NJ",https://stackoverflow.com/jobs/374563
Database Administrator - Sql Server/T-Sql,DATALINK SOFTWARE,"Tampa, FL",https://stackoverflow.com/jobs/364168
Full Stack Developer,Endgame360,No office location,https://stackoverflow.com/jobs/344307
Senior Game Development Engineer,"Stardock Systems, Inc","Plymouth, MI",https://stackoverflow.com/jobs/344306
SAP Developer ABAP / ABAP OO (m/f/d),Serrala,"Berlin, Deutschland",https://stackoverflow.com/jobs/391675
Back End Engineer - Senior Manager in San Francisco area,Avail,"San Francisco, CA",https://stackoverflow.com/jobs/390908
PHP Developer,UniPartners IT-Services NV,"Vilvoorde, Belgium",https://stackoverflow.com/jobs/303824
Full Stack .NET Web Developer,Outreach Inc,"Colorado Springs, CO",https://stackoverflow.com/jobs/364884
Big data,technosoft corporation,"Bengaluru, India",https://stackoverflow.com/jobs/339423
Software Development Engineer,Amazon Web Services,"Seattle, WA",https://stackoverflow.com/jobs/381779
React Native Developer Android/iOS,Code2Dev Technologies,"Noida, India",https://stackoverflow.com/jobs/377235
Site Reliability Engineer,Everlaw,"Oakland, CA",https://stackoverflow.com/jobs/359700
Développeur .NET,albelli,"Nanteuil-le-Haudouin, France",https://stackoverflow.com/jobs/372788
Sr. Android Developer,Ficode Software Solutions Private Limited,"Sahibzada Ajit Singh Nagar, India",https://stackoverflow.com/jobs/383705
Senior Java Developer,Mobiquity Europe,"Amsterdam, Netherlands",https://stackoverflow.com/jobs/139220
"Software Engineer, DevOps",Happay,"Bengaluru, India",https://stackoverflow.com/jobs/338960
Android developer (EVgo),Fractal Technology Labs,"Los Angeles, CA",https://stackoverflow.com/jobs/392627
Full Stack .NET Web Developer,Outreach Inc,"Colorado Springs, CO",https://stackoverflow.com/jobs/364884
Senior Scala Engineer- Datorama,Salesforce,"Tel Aviv-Yafo, Israel",https://stackoverflow.com/jobs/364188
Software Development Engineer,Amazon Web Services,"Seattle, WA",https://stackoverflow.com/jobs/381798
React Native Developer - iOS/Android Platform,Spritle,"Chennai, India",https://stackoverflow.com/jobs/322606
Senior Front-End Engineer,Back Market,"Paris, France",https://stackoverflow.com/jobs/283837
MVC4/C# Fullstack Applications Developer,ToGo Technology,No office location,https://stackoverflow.com/jobs/388660
Teamlead Data Science / Machine Learning (m/f/div),PAIR Finance GmbH,"Berlin, Deutschland",https://stackoverflow.com/jobs/390268
Senior Software Development Engineer – Amazon DynamoDB,Amazon Web Services,"East Palo Alto, CA",https://stackoverflow.com/jobs/381829
フロントエンド開発エンジニア,株式会社USEN Media,"Shinagawa City, Japan",https://stackoverflow.com/jobs/318655
Senior Graphics Engineer,Samsung Electronics UK LTD,"Staines-upon-Thames, UK",https://stackoverflow.com/jobs/360332
Cloud Software Engineer,Esri,"Redlands, CA",https://stackoverflow.com/jobs/383597
(Senior) iOS Developer,Digidentity,"Den Haag, Netherlands",https://stackoverflow.com/jobs/335028
Site Reliability Engineer,Everlaw,"Oakland, CA",https://stackoverflow.com/jobs/359700
Cloud Architect,Mox Bank,Hong Kong,https://stackoverflow.com/jobs/391163
Security Architect,Mox Bank,Hong Kong,https://stackoverflow.com/jobs/391162
Sr. Software Engineer (C++),SpaceX,"Hawthorne, CA",https://stackoverflow.com/jobs/386152
Software Development Engineer II,Amazon Web Services,"Vancouver, BC, Canada",https://stackoverflow.com/jobs/384055
"Lead Developer, Cloud experienced",SimCorp A/S,"København, Denmark",https://stackoverflow.com/jobs/387161
UX Designer,SquadLocker,"Warwick, RI",https://stackoverflow.com/jobs/390915
Mobile App Developer - React Native,Netism Soft Private Limited,,https://stackoverflow.com/jobs/388965
"Data Engineering Manager, FEAR",Apple,"Cupertino, CA",https://stackoverflow.com/jobs/388595
MVC4/C# Fullstack Applications Developer,ToGo Technology,No office location,https://stackoverflow.com/jobs/388660
Principal Machine Learning Engineer,Leben Care Technologies,"Hyderabad, India",https://stackoverflow.com/jobs/354623
Software Development Engineer II,Amazon Web Services,"Vancouver, BC, Canada",https://stackoverflow.com/jobs/384055
"Lead Developer, Cloud experienced",SimCorp A/S,"København, Denmark",https://stackoverflow.com/jobs/387161
Senior Software Development Engineer – Amazon DynamoDB,Amazon Web Services,"East Palo Alto, CA",https://stackoverflow.com/jobs/381829
Machine Learning Engineer,Builder,"Gurugram, India",https://stackoverflow.com/jobs/379294
Love Dogs and React-Native Mobile Engineer?,PetPocketbook,"Boston, MA",https://stackoverflow.com/jobs/363254
Senior Java Developer,Vonage,"London, UK",https://stackoverflow.com/jobs/284653
Développeur .NET,albelli,"Nanteuil-le-Haudouin, France",https://stackoverflow.com/jobs/372788
Node Engineer,"Yum! Brands, Inc.","Plano, TX",https://stackoverflow.com/jobs/360848
Senior Java Angular PHP Web Developer,Siemens AG,"Pune, India",https://stackoverflow.com/jobs/381322
UX Designer,SquadLocker,"Warwick, RI",https://stackoverflow.com/jobs/390915
"Android Engineer - Build a Social Network: Blockchain, Real People, Real News",Voice,"Brooklyn, NY",https://stackoverflow.com/jobs/371420
DevOps Engineer,Accenture S.A. (Greece),"Athens, Greece",https://stackoverflow.com/jobs/392600
(Senior) Software Engineer (m/f) with focus on Java/Spring,remind me GmbH,"Berlin, Deutschland",https://stackoverflow.com/jobs/370429
React Native,Wealden HR Solutions (India) LLP,"Hyderabad, India",https://stackoverflow.com/jobs/370485
(Senior) iOS Developer,Digidentity,"Den Haag, Netherlands",https://stackoverflow.com/jobs/335028
Senior Backend Developer (m/w/x) AI-Health-StartUp,Lindera GmbH,"Berlin, Deutschland",https://stackoverflow.com/jobs/280285
Security Engineer - Lead,Tessian,"London, UK",https://stackoverflow.com/jobs/288407
Cloud Support Eng. I (DMS),AISPL - Karnataka,"Bengaluru, India",https://stackoverflow.com/jobs/387664
PHP / MySQL Developer,Online Voip Solutions,"Ahmedabad, India",https://stackoverflow.com/jobs/329702
Mobile App Developer - React Native,Netism Soft Private Limited,,https://stackoverflow.com/jobs/388965
Product Designer,komoot,"Berlin, Germany",https://stackoverflow.com/jobs/383521
Application Support Engineer,SG Digital,"Montreal, QC, Canada",https://stackoverflow.com/jobs/369484
Insights Java Developer,Esri,"Redlands, CA",https://stackoverflow.com/jobs/383619
"Software Engineer/Web Developer - PHP, Go",Signature Coins,"Winter Park, FL",https://stackoverflow.com/jobs/275350
Senior Full Stack Developer,Titan School Solutions,No office location,https://stackoverflow.com/jobs/374606
"Sr Engineer, Software - EDS Privacy & Preference",T-Mobile,"Frisco, TX",https://stackoverflow.com/jobs/392776
"AI/ML - Senior Manager - Human Annotation Program, Siri Data",Apple,"Cupertino, CA",https://stackoverflow.com/jobs/371802
Web Developer,Fameget,"Ahmedabad, India",https://stackoverflow.com/jobs/329760
Senior Marketing Analyst,Apple,"Austin, TX",https://stackoverflow.com/jobs/376821
"Software Development Engineer II, RDS PostgreSQL",Amazon Web Services,"East Palo Alto, CA",https://stackoverflow.com/jobs/381923
"Remote DevOps Engineer (Docker, AWS, Terraform)",FineTune Learning,No office location,https://stackoverflow.com/jobs/389541
Software Development Engineer,Amazon Web Services,"Seattle, WA",https://stackoverflow.com/jobs/381799
フロントエンジニア,株式会社フレスタ - 人材紹介事業部,"Osaka, Japan",https://stackoverflow.com/jobs/392527
Senior Backend Engineer (Golang) - Global Contact Center Tech (f/m/d),Delivery Hero SE,"Berlin, Germany",https://stackoverflow.com/jobs/390863
Senior GO Engineer,News UK,"London, UK",https://stackoverflow.com/jobs/277200
Machine Learning/Deep Learning Experts,CrunchMetrics,"Bengaluru, India",https://stackoverflow.com/jobs/346842
Pinterest Labs Applied Scientist,Pinterest,"San Francisco, CA",https://stackoverflow.com/jobs/373312
Senior Software Engineer - Backend,Second Dinner,"Irvine, CA",https://stackoverflow.com/jobs/383603
Senior Full Stack Cloud Developer (f/m/d),Cinemo GmbH,"Karlsruhe, Germany",https://stackoverflow.com/jobs/368336
Solution Architect,TrueMotion,"Boston, MA",https://stackoverflow.com/jobs/371826
Test Engineer - ArcGIS Urban,Esri,"Zürich, Switzerland",https://stackoverflow.com/jobs/383613
DevOps Engineer,Mox Bank,Hong Kong,https://stackoverflow.com/jobs/391167
Compiler Development Intern (f/m/d),Silexica,"Köln, Deutschland",https://stackoverflow.com/jobs/390710
"Amazon Redshift - Software Development Engineer II, in Test",Amazon Web Services,"East Palo Alto, CA",https://stackoverflow.com/jobs/381878
Cyber Security Expert for Microsoft SaaS/PaaS (m/f/d),Siemens AG,"Amadora, Portugal",https://stackoverflow.com/jobs/392741
AngularJS Developer,Prowess India,"Mumbai, India",https://stackoverflow.com/jobs/392444
Principal Mobile Developer,TrueMotion,"Boston, MA",https://stackoverflow.com/jobs/371825
System Integration Tester 80-100%,Siemens AG,"Zug, Switzerland",https://stackoverflow.com/jobs/389727
Cyber Security Expert for Microsoft SaaS/PaaS (m/f/d),Siemens AG,"Amadora, Portugal",https://stackoverflow.com/jobs/392741
"Amazon Redshift - Software Development Engineer II, in Test",Amazon Web Services,"East Palo Alto, CA",https://stackoverflow.com/jobs/381878
AngularJS Developer,Prowess India,"Mumbai, India",https://stackoverflow.com/jobs/392444
Principal Mobile Developer,TrueMotion,"Boston, MA",https://stackoverflow.com/jobs/371825
Android Developer,MoveInSync Technology Solutions,"Bengaluru, India",https://stackoverflow.com/jobs/323251
Solution Architect - eCommerce Platform,"Yum! Brands, Inc.","Chicago, IL",https://stackoverflow.com/jobs/391992
Software Developer,Paycom,"Oklahoma City, OK",https://stackoverflow.com/jobs/384355
DevOps Engineer,Radar,"Denver, CO",https://stackoverflow.com/jobs/278959
Senior Front End UI Developer,"OpsRamp, Inc.","Hyderabad, India",https://stackoverflow.com/jobs/322768
Developer in Radio Software,Ericsson,"Stockholm, Sweden",https://stackoverflow.com/jobs/389814
Senior Big Data Engineer - Datorama,Salesforce,"Tel Aviv-Yafo, Israel",https://stackoverflow.com/jobs/364187
サーバーサイド開発エンジニア,株式会社USEN Media,"Shinagawa City, Japan",https://stackoverflow.com/jobs/318536
PHP Developer,Fine Jobs,"Chennai, India",https://stackoverflow.com/jobs/344096
Experienced Engineering Manager - Remote,Theorem,No office location,https://stackoverflow.com/jobs/190528
EUS Support Engineer,GVC Group,"Sofia, Bulgaria",https://stackoverflow.com/jobs/390897
DevOps Engineer,Topic Embedded Systems B.V.,"Eindhoven, Netherlands",https://stackoverflow.com/jobs/338006
Back End Developer,Buyhatke,"Bengaluru, India",https://stackoverflow.com/jobs/374666
Build a company with us! - Technical Co-founder,The IndyHub,"New York, NY",https://stackoverflow.com/jobs/366056
Senior Frontend Engineer,"Shogun Labs, Inc",No office location,https://stackoverflow.com/jobs/360336
Production Engineer,Palantir,"New York, NY",https://stackoverflow.com/jobs/301922
Full Stack Developer,DataRemote Inc,"Palmetto Bay, FL",https://stackoverflow.com/jobs/373005
Team Lead - Engineering,BuzzBoard,"Hyderabad, India",https://stackoverflow.com/jobs/386528
Senior Technical Product Manager (Platform) at Berlin SASS Start-up,Contentful,"Berlin, Deutschland",https://stackoverflow.com/jobs/392890
Android Developer,Medinovix,"Hyderabad, India",https://stackoverflow.com/jobs/373949
Senior C++ Engineer - Communications Applications,Bloomberg LP,"New York, NY",https://stackoverflow.com/jobs/390299
Solution Architect - eCommerce Platform,"Yum! Brands, Inc.","Chicago, IL",https://stackoverflow.com/jobs/391992
Senior Front End developer/UI Developer,Local Circles India,"Noida, India",https://stackoverflow.com/jobs/331513
Site Reliability Engineer,Palantir,"London, UK",https://stackoverflow.com/jobs/301899
Android Developer,YML,"Bengaluru, India",https://stackoverflow.com/jobs/367722
Software Developer - Front End,Paycom,"Oklahoma City, OK",https://stackoverflow.com/jobs/388663
JAVA Development Expert - SAP SuccessFactors (Platform Frameworks),SAP,"Bengaluru, India",https://stackoverflow.com/jobs/388240
Software Dev Engineer II,Amazon Fintech,"São Paulo, Brazil",https://stackoverflow.com/jobs/390187
Build a company with us! - Technical Co-founder,The IndyHub,"New York, NY",https://stackoverflow.com/jobs/366056
Senior IOS Developer,Two95 International,"Chennai, India",https://stackoverflow.com/jobs/322598
"Director, Software Development (Personalization)",Audible,"Newark, NJ",https://stackoverflow.com/jobs/381725
Full Stack Developer,DataRemote Inc,"Palmetto Bay, FL",https://stackoverflow.com/jobs/373005
Senior Big Data Engineer - Datorama,Salesforce,"Tel Aviv-Yafo, Israel",https://stackoverflow.com/jobs/364187
Elemental Specialised Solutions Architect,Amazon Web Services,"Hong Kong Island, Hong Kong",https://stackoverflow.com/jobs/390108
Node Engineer,"Yum! Brands, Inc.","Chicago, IL",https://stackoverflow.com/jobs/314051
Senior Android Engineer - FinTech (f/m/d),Delivery Hero SE,"Berlin, Germany",https://stackoverflow.com/jobs/386138
Data Architect I,DATALINK SOFTWARE,"Tampa, FL",https://stackoverflow.com/jobs/364166
Principal Software Engineer,Surescripts LLC,"Raleigh, NC",https://stackoverflow.com/jobs/386827
Chief Architect (Remote),Impala,No office location,https://stackoverflow.com/jobs/375334
Product Support Team Lead,"OpsRamp, Inc.","Hyderabad, India",https://stackoverflow.com/jobs/388497
"Senior Data Scientist - Real World Data, I2O, Personalized Healthcare (PHC)",Genentech,"South San Francisco, CA",https://stackoverflow.com/jobs/390637
Systems Engineer,ADCI HYD 13 SEZ,"Hyderabad, India",https://stackoverflow.com/jobs/388499
Dev Ops Engineer,ADCI HYD 13 SEZ,"Hyderabad, India",https://stackoverflow.com/jobs/357408
Senior Java Backend Engineer - Restaurant (f/m/d),Delivery Hero SE,"Berlin, Germany",https://stackoverflow.com/jobs/391982
Senior System Software Engineer - Infrastructure,NVIDIA,"Pune, India",https://stackoverflow.com/jobs/382799
Unity Senior Developer,Cie,"Irvine, CA",https://stackoverflow.com/jobs/371234
Senior Java Backend Engineer - Restaurant (f/m/d),Delivery Hero SE,"Berlin, Germany",https://stackoverflow.com/jobs/391982
Senior System Software Engineer - Infrastructure,NVIDIA,"Pune, India",https://stackoverflow.com/jobs/382799
Full Stack Backend Specialist,Jumbo Supermarkets,"Veghel, Netherlands",https://stackoverflow.com/jobs/377506
Product Support Engineer,"OpsRamp, Inc.","Hyderabad, India",https://stackoverflow.com/jobs/388496
Site Reliability Engineer,Palantir,"New York, NY",https://stackoverflow.com/jobs/301885
Software Dev Engineer III,Amazon Fintech,"Toronto, ON, Canada",https://stackoverflow.com/jobs/390203
.Net Developer,Nexia Commerce,"Bengaluru, India",https://stackoverflow.com/jobs/324096
Expert Software Engineer,J.B. Hunt Transport,"Lowell, AR",https://stackoverflow.com/jobs/369023
Forward Deployed Software Engineer,Palantir,"Tokyo, Japan",https://stackoverflow.com/jobs/387741
Software Engineer,Palantir,"Palo Alto, CA",https://stackoverflow.com/jobs/387823
Java Developer,All India Solution Services,"Kolkata, India",https://stackoverflow.com/jobs/341757
Mid-Level/Senior Android Engineer - Consumer (f/m/d),Delivery Hero SE,"Berlin, Germany",https://stackoverflow.com/jobs/369476
Senior Systems Engineer,Future PLC,"Bath, UK",https://stackoverflow.com/jobs/390698
Senior Data Engineer,Babylist,"Oakland, CA",https://stackoverflow.com/jobs/366705
Senior Java Developer -  Join a collaborative and highly skilled Dev Team!,Cloud Technology Solutions Ltd.,"Manchester, UK",https://stackoverflow.com/jobs/381304
.NET Developer,UniPartners IT-Services NV,"Vilvoorde, Belgium",https://stackoverflow.com/jobs/303810
"Full Stack Developer - Java, ElasticSearch, GraphQL and ReactJS",Contrast Security,"Baltimore, MD",https://stackoverflow.com/jobs/390294
"(Junior) Software Engineer S/4HANA Intelligent Asset Management, SAP Munich",SAP,"Munich, Germany",https://stackoverflow.com/jobs/387360
Ruby on Rails Developer,Digidentity BV,"Den Haag, Netherlands",https://stackoverflow.com/jobs/294692
"Lead Developer (C#, MVC, WebAPI, Angular)",Afton Chemical,"Richmond, VA",https://stackoverflow.com/jobs/200027
.Net Application Architect,Domino's Pizza,"Ann Arbor, MI",https://stackoverflow.com/jobs/391695
Senior Product Manager - Mobile Applications,DISQO,"Yerevan, Armenia",https://stackoverflow.com/jobs/390645
Lead Cyber Security Engineer - 00054683,BAE Systems,"Christchurch, UK",https://stackoverflow.com/jobs/366505
Junior Android Developer,Moneybox,"London, UK",https://stackoverflow.com/jobs/379629
Data Engineer,Picnic,"Amsterdam, Netherlands",https://stackoverflow.com/jobs/166957
Senior Java Developer -  Join a collaborative and highly skilled Dev Team!,Cloud Technology Solutions Ltd.,"Manchester, UK",https://stackoverflow.com/jobs/381304
Security Engineer,"Shogun Labs, Inc",No office location,https://stackoverflow.com/jobs/387980
"Lead Security Engineer @ VirtualShield - Pune, India",VirtualShield LLC,"Pune, India",https://stackoverflow.com/jobs/375485
Software Dev Engineer II,Amazon Fintech,"Jersey City, NJ",https://stackoverflow.com/jobs/390182
Solutions Architect Manager – Public Sector,Amazon Web Services,"Tel Aviv-Yafo, Israel",https://stackoverflow.com/jobs/392489
Java Developer (SMTS-II),Gaian Solutions,"Hyderabad, India",https://stackoverflow.com/jobs/374925
Forward Deployed Software Engineer,Palantir,"Munich, Germany",https://stackoverflow.com/jobs/301842
"Manager III, Software Dev",Amazon Fintech,"Jersey City, NJ",https://stackoverflow.com/jobs/390184
Lead Consultant – UI Developer,Genpact,"Noida, India",https://stackoverflow.com/jobs/384538
GPU Profiling Kernel Engineer,NVIDIA,"Pune, India",https://stackoverflow.com/jobs/323336
フロントエンド エンジニア,株式会社スマレジ,"Osaka, Japan",https://stackoverflow.com/jobs/310576
Executive Engagement Transformation Architect,Amazon Web Services,"Tokyo, Japan",https://stackoverflow.com/jobs/390124
Solution Architect,Citizens Bank,"Providence, RI",https://stackoverflow.com/jobs/391699
Senior Embedded Engineer,TTP,"Cambridge, UK",https://stackoverflow.com/jobs/368836
"Manager, Product Management - Search",The Home Depot,"Atlanta, GA",https://stackoverflow.com/jobs/392000
Data Scientist,ADCI HYD 13 SEZ,"Hyderabad, India",https://stackoverflow.com/jobs/370538
Senior Software Engineer - Infrastructure,NVIDIA,"Pune, India",https://stackoverflow.com/jobs/328141
Sr. Software Engineer (Android),Fractal Technology Labs,"Santa Monica, CA",https://stackoverflow.com/jobs/314689
Director of Technology - Future Commerce Platform,SimpliSafe,"Boston, MA",https://stackoverflow.com/jobs/350950
Sr Data Scientist,NewWave,"Baltimore, MD",https://stackoverflow.com/jobs/321893
OpenStack Administrator,Massive Entertainment - A Ubisoft Studio,"Malmö, Sweden",https://stackoverflow.com/jobs/350315
"Hiring Jr. / Mid / Sr. PHP Developer, Pune location",Paradiso Software Pvt Ltd,"Pune, India",https://stackoverflow.com/jobs/365747
Sr. or Principal Site Reliability Engineer (Observability) - Cisco Meraki,Source Coders Inc,"San Francisco, CA",https://stackoverflow.com/jobs/389537
Forward Deployed Software Engineer,Palantir,"Tel Aviv-Yafo, Israel",https://stackoverflow.com/jobs/387740
User Experience (UX) Designer - Entry/Mid-Level,National Security Agency,"Fort Meade, MD",https://stackoverflow.com/jobs/389495
Director of Technology - Future Commerce Platform,SimpliSafe,"Boston, MA",https://stackoverflow.com/jobs/350950
Sr Data Scientist,NewWave,"Baltimore, MD",https://stackoverflow.com/jobs/321893
Java Developer (MTS-III),Gaian Solutions,"Hyderabad, India",https://stackoverflow.com/jobs/374934
Data Scientist,L3Harris,"Tewkesbury, UK",https://stackoverflow.com/jobs/374565
"Hiring Jr. / Mid / Sr. PHP Developer, Pune location",Paradiso Software Pvt Ltd,"Pune, India",https://stackoverflow.com/jobs/365747
Sr. or Principal Site Reliability Engineer (Observability) - Cisco Meraki,Source Coders Inc,"San Francisco, CA",https://stackoverflow.com/jobs/389537
Software Engineer - Performance Specialist,Facebook,"Bellevue, WA",https://stackoverflow.com/jobs/353897
Software Dev Engineer II,Amazon Fintech,"Jersey City, NJ",https://stackoverflow.com/jobs/390186
Data Engineer: AI/ML (Roadtrippers),Togo Group,"Cincinnati, OH",https://stackoverflow.com/jobs/330148
Forward Deployed Software Engineer,Palantir,"Tel Aviv-Yafo, Israel",https://stackoverflow.com/jobs/387740
Global Partner Solutions Architect,Amazon Web Services,"Bengaluru, India",https://stackoverflow.com/jobs/390037
"Senior Specialist Solutions Architect, Databases",Amazon Web Services,Singapore,https://stackoverflow.com/jobs/389997
Partner Solutions Architect - Systems Integrators,Amazon Web Services,"Courbevoie, France",https://stackoverflow.com/jobs/390004
"Senior Partner Solutions Architect, Database Migrations",Amazon Web Services,Singapore,https://stackoverflow.com/jobs/389955
Make Key Technical Decisions | Shape Our Future - .NET Full Stack Team Lead,DriveCentric,"Carmel, IN",https://stackoverflow.com/jobs/307143
"Manager, DevOps",Voice,"Brooklyn, NY",https://stackoverflow.com/jobs/382261
Principal Java developer,Jumbo Supermarkets,"Veghel, Netherlands",https://stackoverflow.com/jobs/215282
Lead Application Security Engineer,"OpsRamp, Inc.","Hyderabad, India",https://stackoverflow.com/jobs/360911
Senior Clojure Engineer,Dé VakantieDiscounter,"Amsterdam, Netherlands",https://stackoverflow.com/jobs/285001
Solutions Architect - Health Data Integration,Redox,No office location,https://stackoverflow.com/jobs/365599
Senior IOS Developer,Trawex,"Bengaluru, India",https://stackoverflow.com/jobs/326835
Site Reliability Engineer (SRE),Covr,"Beverly Hills, CA",https://stackoverflow.com/jobs/304384
Senior Engineering Manager - FinTech (f/m/d),Delivery Hero SE,"Berlin, Germany",https://stackoverflow.com/jobs/392555
"Backend Engineer, Node.js/Typescript",productboard,"Hlavní město Praha, Czechia",https://stackoverflow.com/jobs/348468
Android Engineer,"Yum! Brands, Inc.","Chicago, IL",https://stackoverflow.com/jobs/357365
Forward Deployed Software Engineer,Palantir,"Washington, DC",https://stackoverflow.com/jobs/301830
Senior Full Stack Engineer,ING,"Amsterdam, Netherlands",https://stackoverflow.com/jobs/388818
Data Science Engineer,Realtor.com,"Austin, TX",https://stackoverflow.com/jobs/362238
Senior IOS Developer,Trawex,"Bengaluru, India",https://stackoverflow.com/jobs/326835
Global Partner Solutions Architect,Amazon Web Services,"Bengaluru, India",https://stackoverflow.com/jobs/390040
フロントエンドエンジニア/上場IT企業,株式会社クリエアナブキ,"Osaka, Japan",https://stackoverflow.com/jobs/369856
2020 TechX Software Engineering & Development Internship,T-Mobile,"Bellevue, WA",https://stackoverflow.com/jobs/386967
Senior Technical Support Engineer,Privitar Ltd,"London, UK",https://stackoverflow.com/jobs/321732
Software Development Engineer in Test,SDVI,No office location,https://stackoverflow.com/jobs/219487
Senior PHP Developer,SimpliSafe,"Boston, MA",https://stackoverflow.com/jobs/350956
"Data Scientist, Analytics",Facebook,"Menlo Park, CA",https://stackoverflow.com/jobs/353842
Android Engineer,Covr,"Beverly Hills, CA",https://stackoverflow.com/jobs/351846
"Assoc Engineer, Systems Reliability",T-Mobile,"Atlanta, GA",https://stackoverflow.com/jobs/392769
WPF/.NET/C# Frontend Developer,ZIVVER,"Amsterdam, Netherlands",https://stackoverflow.com/jobs/351295
Big Data Solution Architect / Platform Engineer,Avaloq,"Zürich, Switzerland",https://stackoverflow.com/jobs/392507
システムエンジニア・スマホアプリ開発技術者,株式会社エー・エス・ディ,"Yokohama, Japan",https://stackoverflow.com/jobs/387260
Senior Team Lead Engineering (d/f/m),AUTO1,"Berlin, Germany",https://stackoverflow.com/jobs/348984
QA Engineer,Defiant Inc,No office location,https://stackoverflow.com/jobs/386496
Private Equity Solutions Architect,Amazon Web Services,"Hong Kong Island, Hong Kong",https://stackoverflow.com/jobs/389999
C++ Software Engineer,IMC Trading,"Chicago, IL",https://stackoverflow.com/jobs/334618
Mid-Level/Senior iOS Engineer - Consumer (f/m/d),Delivery Hero SE,"Berlin, Germany",https://stackoverflow.com/jobs/369473
Developer - AEM-Marketo,Hitachi Vantara Corporation,"Pune, India",https://stackoverflow.com/jobs/388136
QA Engineer,ProKeep,No office location,https://stackoverflow.com/jobs/391722
SENIOR AUTOMATION ENGINEER (SCRIPTING),"OpsRamp, Inc.","Hyderabad, India",https://stackoverflow.com/jobs/337096
(Mid and Senior) Cloud Engineer,DAZN,"Amsterdam, Netherlands",https://stackoverflow.com/jobs/355768
SENIOR AUTOMATION ENGINEER (SCRIPTING),"OpsRamp, Inc.","Hyderabad, India",https://stackoverflow.com/jobs/337096
Product Designer,Palantir,"Washington, DC",https://stackoverflow.com/jobs/387821
System Engineer,ProKeep,No office location,https://stackoverflow.com/jobs/392601
"Principal Engineer (Tech Lead), APAC",foodpanda,Singapore,https://stackoverflow.com/jobs/308651
"Sr. Software Engineer (Back-end, Cloud) - MaaS",Cubic Corporation,"Hyderabad, India",https://stackoverflow.com/jobs/392094
O365 Developer,Capita plc,"London, UK",https://stackoverflow.com/jobs/356150
DevOps Engineer,Shris Infotech,"Hyderabad, India",https://stackoverflow.com/jobs/377194
"Data Scientist, Product Analytics",Facebook,"Menlo Park, CA",https://stackoverflow.com/jobs/297389
Mobile developer,Mobiquity Europe,"Amsterdam, Netherlands",https://stackoverflow.com/jobs/306585
Trainee PHP Developer (Night Shift),Galaxy Weblinks Ltd.,"Indore, India",https://stackoverflow.com/jobs/364281
Data Infrastructure Engineer,RTL Nederland,"Hilversum, Netherlands",https://stackoverflow.com/jobs/353118
Java Developer - Platform India,NetEnt,"Hyderabad, India",https://stackoverflow.com/jobs/374950
Systems Engineer 57605,BAE Systems,"Portsmouth, UK",https://stackoverflow.com/jobs/392924
Engineering Manager - eCommerce Platform,"Yum! Brands, Inc.","Chicago, IL",https://stackoverflow.com/jobs/391993
Desktop Developer Cisco Finesse,itForte,"Hyderabad, India",https://stackoverflow.com/jobs/372082
Android Developer,Dewelopers,"New Delhi, India",https://stackoverflow.com/jobs/342707
QA AUTOMATION ENGINEER experienced in automated testing & test concepts,Sportradar AG,"Warsaw, Poland",https://stackoverflow.com/jobs/372348
Test Manager (m/w/d) - Munich,Paradox Cat GmbH,"München, Deutschland",https://stackoverflow.com/jobs/384341
Senior Performance Engineer,Surescripts LLC,"Minneapolis, MN",https://stackoverflow.com/jobs/369641
Lead Java Developer,"OpsRamp, Inc.","Hyderabad, India",https://stackoverflow.com/jobs/335500
Sr. Expert Software Engineer,J.B. Hunt Transport,"Lowell, AR",https://stackoverflow.com/jobs/389781
Travel junkie (+ experienced iOS developer) for fast growing travel scale-up,Polarsteps,"Amsterdam, Netherlands",https://stackoverflow.com/jobs/297139
"Senior Quality Specialist for Product Development , Digital Health Technologies (PHC)",Genentech,"South San Francisco, CA",https://stackoverflow.com/jobs/390642
System Reliability Engineer (SRE) - Market Data - Hong Kong,Bloomberg LP,Hong Kong,https://stackoverflow.com/jobs/377379
"Clinical Imaging Senior Scientist, Personalized Healthcare (PHC)",Genentech,"South San Francisco, CA",https://stackoverflow.com/jobs/390635
System Reliability Engineer (SRE) - Market Data - Hong Kong,Bloomberg LP,Hong Kong,https://stackoverflow.com/jobs/377379
Ruby on Rails Developer,West agile labs,"Hyderabad, India",https://stackoverflow.com/jobs/355483
Data Engineer,NewWave,"Baltimore, MD",https://stackoverflow.com/jobs/321894
Senior Data Scientist (NLP),Peakon,"London, UK",https://stackoverflow.com/jobs/362588
Make Key Technical Decisions | Shape Our Future - .NET Full Stack Team Lead,DriveCentric,"St. Louis, MO",https://stackoverflow.com/jobs/332744
"Imaging Strategist, PHC",Genentech,"South San Francisco, CA",https://stackoverflow.com/jobs/390641
Product Designer,Palantir,"Palo Alto, CA",https://stackoverflow.com/jobs/387820
Infrastructure Engineer,Bending Spoons,"Milano, Italy",https://stackoverflow.com/jobs/387162
Senior Fullstack Engineer - Back end Leaning,Packet Fabric,No office location,https://stackoverflow.com/jobs/382026
"Senior Engineer, Customer Success and Billing",Auth0,No office location,https://stackoverflow.com/jobs/368582
Product Designer,Palantir,"Seattle, WA",https://stackoverflow.com/jobs/387822
(Senior) Salesforce Developer/Engineer (f/m/d),Delivery Hero SE,"Dubai, United Arab Emirates",https://stackoverflow.com/jobs/348430
Product Designer,Palantir,"New York, NY",https://stackoverflow.com/jobs/370203
QA Engineer,Moneybox,"London, UK",https://stackoverflow.com/jobs/379630
Experienced DevOps Engineer,Chefman,"Mahwah, NJ",https://stackoverflow.com/jobs/344015
DevOps Engineer III,PDI,"Hyderabad, India",https://stackoverflow.com/jobs/365670
アパレル・雑貨業界/バックエンドエンジニア・BackendEngineer(JavaMicroservice),ランスタッド株式会社,"Koto City, Japan",https://stackoverflow.com/jobs/382346
Software Development Engineer II - AFS (Bailey),Audible,"Newark, NJ",https://stackoverflow.com/jobs/387187
Technical Product Owner - eCommerce Platform,"Yum! Brands, Inc.","Plano, TX",https://stackoverflow.com/jobs/361344
Software Dev Engineer II,Amazon Fintech,No office location,https://stackoverflow.com/jobs/390201
Senior Back-End Engineer,Cloud Academy,"Milan, Italy",https://stackoverflow.com/jobs/387196
Senior Cyber Security Analyst- - law firm,HaysviaHays plc,"Toronto, ON, Canada",https://stackoverflow.com/jobs/392810
Managed Service Engineer,Auth0,No office location,https://stackoverflow.com/jobs/388341
Data Visualization/Database Guru,Chainbridge Technologies,No office location,https://stackoverflow.com/jobs/390573
"Sr. Data Scientist - Imaging, Personalized Healthcare (PHC)",Genentech,"South San Francisco, CA",https://stackoverflow.com/jobs/390639
Optical Coating Engineer,Facebook,"Redmond, WA",https://stackoverflow.com/jobs/379337
"Data Scientist, Calibra (Blockchain)",Facebook,"Menlo Park, CA",https://stackoverflow.com/jobs/354122
Principal Cloud Security Engineer,Backbase,"Amsterdam, Netherlands",https://stackoverflow.com/jobs/381287
Inspiart(楽曲制作・流通)事業 アプリケーションエンジニア,株式会社EYS-STYLE,"Chuo City, Japan",https://stackoverflow.com/jobs/329289
"Senior iOS Engineer - Feedback, Ratings and Reviews (f/m/d)",Delivery Hero SE,"Berlin, Germany",https://stackoverflow.com/jobs/380106
SAP SuccessFactors Security Engineer for Platform Foundations,SAP,"Herndon, VA",https://stackoverflow.com/jobs/388353
Technical Program Manager III,Amazon Fintech,"Jersey City, NJ",https://stackoverflow.com/jobs/390185
Supply Chain Transformation Manager,Facebook,"Fremont, CA",https://stackoverflow.com/jobs/370834
Developer Tools Engineer,Palantir,"London, UK",https://stackoverflow.com/jobs/387737
SAP SuccessFactors - Senior Security Developer,SAP,"San Ramon, CA",https://stackoverflow.com/jobs/387407
Data Engineer II,ISO,"Hyderabad, India",https://stackoverflow.com/jobs/387230
"Java Full Stack Developer- SAP SuccessFactors ""Platform Frameworks""",SAP,"Bengaluru, India",https://stackoverflow.com/jobs/386478
Senior Web Developer,Palantir,"New York, NY",https://stackoverflow.com/jobs/301924
"Sr. Software Engineer (Back Office, Cloud) - MaaS",Cubic Corporation,"Hyderabad, India",https://stackoverflow.com/jobs/392089
SAP SuccessFactors - Development Manager,SAP,"San Ramon, CA",https://stackoverflow.com/jobs/390854
PHP Developer,Paycom,"Oklahoma City, OK",https://stackoverflow.com/jobs/388664
Senior Engineering Manager (Java) - Search and DIscovery (f/m/d),Delivery Hero SE,"Berlin, Germany",https://stackoverflow.com/jobs/390859
Sr. Multi Cloud DevOps Engineer,SAP,"Palo Alto, CA",https://stackoverflow.com/jobs/387972
Senior C/Linux Developer,igolgi,"Barrington, IL",https://stackoverflow.com/jobs/291637
Senior Java Full Stack Developer - SAP SuccessFactors (Platform Frameworks),SAP,"Bengaluru, India",https://stackoverflow.com/jobs/386480
Python Developer,Rocket Lab,"Auckland, New Zealand",https://stackoverflow.com/jobs/276434
Product Manager - Security,SAP,"San Ramon, CA",https://stackoverflow.com/jobs/387421
Senior Java Developer,Grand Parade,"Kraków, Poland",https://stackoverflow.com/jobs/390875
ソフトウェア/インフラエンジニア,株式会社フロムスクラッチ,"Shinjuku City, Japan",https://stackoverflow.com/jobs/379426
Data Engineer,Samsung Electronics UK LTD,"Staines-upon-Thames, UK",https://stackoverflow.com/jobs/384757
ソフトウェア/インフラエンジニア,株式会社フロムスクラッチ,"Shinjuku City, Japan",https://stackoverflow.com/jobs/379426
Senior QA Automation Engineer,SG Digital,"Marousi, Greece",https://stackoverflow.com/jobs/279511
"SAP SuccessFactors - Principal Engineer, Recruiting Marketing",SAP,"San Ramon, CA",https://stackoverflow.com/jobs/387963
Senior DevOps Engineer,SAP,"San Ramon, CA",https://stackoverflow.com/jobs/387975
Full Stack Security Engineer,Citizens Bank,"Franklin, TN",https://stackoverflow.com/jobs/391698
Webex Online – Mobile App Developer (full stack / IOS expertise),Cisco Systems,"Bengaluru, India",https://stackoverflow.com/jobs/372668
Tech Lead Java - Ratings and Reviews (f/m/d),Delivery Hero SE,"Berlin, Germany",https://stackoverflow.com/jobs/380060
Lead Software Engineer,Driver and Vehicle Licensing Agency (DVLA),"Swansea, UK",https://stackoverflow.com/jobs/389418
.NET Developer - create solutions that impact 54 million visits per month,funda,"Amsterdam, Netherlands",https://stackoverflow.com/jobs/311742
Systems Development Engineer,ADCI HYD 13 SEZ,"Hyderabad, India",https://stackoverflow.com/jobs/382044
Customer Success Director,Tessian,"London, UK",https://stackoverflow.com/jobs/370873
Senior Web Developer,Palantir,"Palo Alto, CA",https://stackoverflow.com/jobs/301921
"SAP SuccessFactors - Senior Security Engineer, Platform Foundations",SAP,"San Ramon, CA",https://stackoverflow.com/jobs/387409
Application Support Engineer,Driver and Vehicle Licensing Agency (DVLA),"Swansea, UK",https://stackoverflow.com/jobs/390891
Site Reliability Engineer - US Government,Palantir,"Washington, DC",https://stackoverflow.com/jobs/387826
"Technical Program Manager, Product & Platform Infrastructure",Facebook,"Menlo Park, CA",https://stackoverflow.com/jobs/370842
Drivers Technical Lead,Driver and Vehicle Licensing Agency (DVLA),"Swansea, UK",https://stackoverflow.com/jobs/390893
Service and Infrastructure Developer,Nine Internet Solutions AG,"Zürich, Switzerland",https://stackoverflow.com/jobs/371068
Data Engineer II,Amazon Fintech,"Seattle, WA",https://stackoverflow.com/jobs/390190
Security Engineer - Application Security,Peakon,"London, UK",https://stackoverflow.com/jobs/376804
Developer Tools Engineer,Palantir,"New York, NY",https://stackoverflow.com/jobs/387738
Security Engineer - Application Security,Peakon,"København, Denmark",https://stackoverflow.com/jobs/376803
Home-based C# Developer - UK based only,SalamanderSoft Ltd,No office location,https://stackoverflow.com/jobs/387184
Engineering Manager/Lead - QA,BrowserStack,"Mumbai, India",https://stackoverflow.com/jobs/385344
Senior QA Engineer,Mobiquity Europe,"Amsterdam, Netherlands",https://stackoverflow.com/jobs/200004
Senior C# Server Side Engineer Gigya-Sap,SAP,"Tel Aviv-Yafo, Israel",https://stackoverflow.com/jobs/371059
Home-based C# Developer - UK based only,SalamanderSoft Ltd,No office location,https://stackoverflow.com/jobs/387184
SAP SuccessFactors - Principal Engineer (Encryption),SAP,"San Ramon, CA",https://stackoverflow.com/jobs/387408
"Senior Android Engineer - Feedback, Ratings and Reviews (f/m/d)",Delivery Hero SE,"Berlin, Germany",https://stackoverflow.com/jobs/388315
SuccessFactors- Product Manager(Security),SAP,"Shanghai, China",https://stackoverflow.com/jobs/389894
"Director, Data Center Site Operations - West Regional Lead",Facebook,"Menlo Park, CA",https://stackoverflow.com/jobs/334699
Site Reliability Engineer,SpaceX,"Hawthorne, CA",https://stackoverflow.com/jobs/386151
Mid-Level/Senior Android Engineer - Restaurant (f/m/d),Delivery Hero SE,"Berlin, Germany",https://stackoverflow.com/jobs/322284
DevOps Engineer,Gaian Solutions,"Hyderabad, India",https://stackoverflow.com/jobs/341300
Devops Team Lead,carsales.com Ltd,"Cremorne, Australia",https://stackoverflow.com/jobs/392632
53. 【福岡TechJIN採用】システム保守運用,株式会社フロムスクラッチ,"Fukuoka, Japan",https://stackoverflow.com/jobs/376982
"Senior Product Manager II, IAM - Protocols & Sessions",Auth0,No office location,https://stackoverflow.com/jobs/376901
Firmware Engineer,SpaceX,"Hawthorne, CA",https://stackoverflow.com/jobs/374856
Java Developer,Deloitte Digital,"London, UK",https://stackoverflow.com/jobs/391966
"Developer Experience Engineer, SDKs",Auth0,No office location,https://stackoverflow.com/jobs/368580
Mid - Level / Senior Android Engineer - Global Contact Center Tech (f/m/d),Delivery Hero SE,"Berlin, Germany",https://stackoverflow.com/jobs/377532
"Director, Production Engineering",Facebook,"Menlo Park, CA",https://stackoverflow.com/jobs/289070
DevOps Engineer II,PDI,"Hyderabad, India",https://stackoverflow.com/jobs/379813
プロダクトマネージャー,株式会社フロムスクラッチ,"Shinjuku City, Japan",https://stackoverflow.com/jobs/377012
FPGA & Firmware development,System View Inc,"San Mateo, CA",https://stackoverflow.com/jobs/392788
サーバーサイドエンジニア / インターネット/Webサービス・ASP,トリプル・ダブリュー・ジャパン 株式会社,"Chiyoda City, Japan",https://stackoverflow.com/jobs/319960
Technical Sales Lead / Sales Engineer,Balena,No office location,https://stackoverflow.com/jobs/392794
【TechJIN】保守運用エンジニア / インターネット/Webサービス・ASP,株式会社 フロムスクラッチ,"Fukuoka, Japan",https://stackoverflow.com/jobs/345422
Cloud Operations Engineer - US Government,Palantir,"Washington, DC",https://stackoverflow.com/jobs/387825
Technical Account Manager,SDVI,No office location,https://stackoverflow.com/jobs/392990
Senior DevOps Engineer,Mobiquity Europe,"Amsterdam, Netherlands",https://stackoverflow.com/jobs/302120
音楽学習事業 サーバーサイドエンジニア(Ruby)/京都支社,株式会社EYS-STYLE,"Kyoto, Japan",https://stackoverflow.com/jobs/319279
【ビジネスディベロップメント】プライム案件90%、ベンチャー企業のサービス立上げを支援 / インターネット/Webサービス・ASP,株式会社 スプラシア,"Chuo City, Japan",https://stackoverflow.com/jobs/375674
Senior Infrastructure / DevOps Engineer,Files.com,No office location,https://stackoverflow.com/jobs/250385
Senior Frontend Engineer (ES8/React/Redux/Saga),Files.com,No office location,https://stackoverflow.com/jobs/241031
Solutions Architect,SDVI,No office location,https://stackoverflow.com/jobs/368114
CONTENT MARKETING MANAGER,Flintobox,"Chennai, India",https://stackoverflow.com/jobs/322626
